lga_name,lga_code,afghanistan,australia,bangladesh,bosnia_and_herzegovina,cambodia,canada,chile,china,croatia,egypt,england,fiji,france,germany,greece,hong_kong,india,indonesia,iran,iraq,ireland,italy,japan,south_korea,lebanon,malaysia,malta,mauritius,myanmar,nepal,netherlands,new_zealand,northern_ireland,pakistan,papua_new_guinea,philippines,poland,scotland,singapore,south_africa,south_eastern_europe,sri_lanka,taiwan,thailand,north_macedonia,turkey,united_states_of_america,vietnam,wales,zimbabwe
Albury,10050,34,83170,170,0,10,80,17,238,89,28,2024,81,23,500,116,60,1115,12,46,0,122,127,19,60,20,78,20,7,3,400,404,1072,32,57,40,543,64,312,32,265,62,200,3,125,0,0,191,65,78,58
Armidale Regional,10130,0,46805,108,0,0,99,15,558,0,0,1120,72,46,207,6,53,320,71,88,179,52,40,52,24,15,80,0,0,27,298,125,623,13,60,83,288,18,191,40,182,0,120,80,43,0,0,310,93,67,45
Ballina,10250,0,67975,3,0,12,163,58,108,19,12,2822,92,95,278,12,37,215,66,29,0,148,178,117,55,6,104,45,4,3,14,301,1319,36,0,118,218,30,342,39,457,8,41,9,124,0,9,282,43,101,58
Balranald,10300,0,3744,0,0,0,0,0,0,0,0,25,12,0,0,0,0,6,0,0,0,0,44,0,0,0,18,0,0,0,6,0,17,0,0,0,0,0,0,0,0,0,0,8,12,0,0,0,0,0,0
Bathurst Regional,10470,36,69062,65,3,12,108,21,240,43,36,1613,94,35,201,27,42,346,26,38,31,113,81,52,53,58,89,40,9,10,115,207,880,26,53,53,309,21,323,46,191,28,106,0,93,5,0,120,114,43,50
Bega Valley,10550,0,52869,3,0,6,103,18,66,22,22,2891,9,57,473,30,15,79,43,3,0,123,94,30,26,0,52,56,3,0,12,409,754,53,0,42,220,46,326,30,169,33,6,3,124,0,0,243,30,84,12
Bellingen,10600,0,20340,0,0,0,43,9,6,0,0,1128,13,50,194,0,13,40,10,0,0,35,10,12,6,0,27,0,0,0,0,134,346,16,0,18,35,4,129,12,82,0,0,0,13,0,6,110,6,55,16
Berrigan,10650,0,13732,0,0,0,20,0,14,0,14,323,6,0,76,0,0,23,0,0,9,0,16,0,3,0,39,6,0,0,9,79,168,6,0,0,92,0,67,0,21,0,32,3,6,0,0,9,0,9,3
Blacktown,10750,8223,364313,4842,1023,272,600,1347,9319,2057,3912,10570,14162,317,1907,1402,1882,51543,2986,3097,3370,1225,2588,303,2935,3685,2696,4539,1354,1658,2770,979,16079,415,8233,275,43828,1862,1776,1086,3567,1059,9806,565,1245,378,2659,1629,1964,266,637
Bland,10800,0,9789,0,0,0,12,0,10,0,0,162,0,0,6,0,3,26,0,0,0,6,0,0,0,0,0,3,0,0,0,7,60,0,0,46,31,0,0,0,34,0,6,6,0,0,0,3,6,6,8
Blayney,10850,0,12414,0,0,0,6,0,9,0,0,299,0,3,35,0,0,0,6,0,0,10,0,0,0,6,0,7,0,0,0,37,157,0,0,0,15,6,34,0,11,0,3,0,6,0,0,12,7,6,0
Blue Mountains,10900,17,120066,0,24,69,382,197,423,139,107,8766,146,201,1131,134,180,507,276,50,38,573,357,201,176,95,314,178,95,34,25,702,2224,261,47,139,519,357,1079,121,579,112,129,55,243,6,28,906,265,251,61
Bogan,10950,0,4455,0,0,0,0,0,6,0,0,29,12,0,0,0,3,19,0,0,0,3,0,0,0,0,0,0,0,0,0,0,33,0,12,0,15,0,0,0,7,0,0,0,0,0,0,6,0,0,6
Botany Bay,11100,77,45365,2360,122,118,131,626,5376,335,733,2082,523,186,253,1513,760,1532,3677,269,810,935,713,283,401,359,917,383,101,54,153,106,1758,112,299,48,2155,299,339,251,506,155,215,267,886,125,712,232,528,83,51
Bourke,11150,0,3952,0,0,0,0,0,0,0,0,36,0,0,0,0,0,3,0,0,0,0,0,0,0,0,3,0,0,0,23,0,26,0,3,6,3,0,0,0,0,0,0,0,0,0,0,6,0,0,0
Brewarrina,11200,0,2900,0,0,0,0,0,0,0,0,12,0,0,0,0,0,10,0,0,0,0,0,0,0,0,0,0,0,0,0,0,0,0,0,0,0,0,0,0,0,0,0,0,0,0,0,0,0,0,0
Junee,14300,8,10393,0,0,6,6,0,59,0,0,167,8,0,18,3,13,24,0,0,0,6,0,0,27,8,0,0,25,27,12,260,1221,60,44,99,651,126,521,56,371,56,82,70,230,139,15,317,26,17,7
Kempsey,14350,0,47875,4,0,4,45,6,91,6,7,1267,62,12,229,0,6,95,9,6,0,26,21,15,15,7,26,49,0,3,6,103,427,19,10,21,117,15,191,6,123,9,11,15,48,24,0,131,17,47,13
Broken Hill,11250,0,30753,4,0,0,6,0,17,12,0,313,9,10,70,20,0,91,0,0,0,13,62,9,9,0,0,36,0,13,3,44,198,14,0,6,185,0,62,0,29,5,19,5,13,0,3,32,6,3,0
Hilltops,13910,6,31633,11,19,12,17,6,59,15,8,607,4,13,55,6,6,70,12,0,0,27,46,0,6,118,9,15,57,70,436,232,1274,59,222,86,1144,191,324,395,1084,61,852,350,286,13,49,417,0,6,3
Hornsby,14000,607,169923,246,64,97,675,336,17491,241,429,12042,669,358,1168,234,4714,10784,1304,3203,110,822,1397,1055,5350,1158,3530,186,208,206,1369,615,3339,170,684,201,2580,539,944,1067,3065,108,2466,899,555,25,131,1242,1192,350,493
Hunters Hill,14100,65,19012,6,17,4,57,16,927,29,99,1123,47,35,143,158,260,205,71,120,3,156,359,76,151,90,160,21,79,91,983,211,2404,95,48,114,1355,352,462,326,675,92,230,255,953,183,246,944,127,45,29
Inner West,14170,79,211424,891,203,235,1250,751,12771,632,714,16011,997,1095,1601,5389,1893,4675,1803,640,200,2710,6445,1184,1616,2139,2020,503,220,227,3729,535,6285,288,204,228,2978,706,1378,641,1338,263,517,533,2057,480,677,2261,6404,454,231
Inverell,14200,0,27761,0,0,0,18,3,17,0,0,421,12,3,62,0,0,39,0,0,0,12,52,16,46,0,9,6,0,0,0,37,156,3,0,12,252,0,52,0,60,0,3,31,9,0,0,156,41,6,6
Kiama,14400,0,34071,0,0,3,93,32,116,32,24,2219,20,19,189,42,49,54,24,6,0,168,173,24,18,0,24,57,3,0,3,124,585,76,3,28,110,9,119,10,70,0,15,67,35,12,0,52,16,27,11
Ku-ring-gai,14500,77,135344,45,44,46,796,225,16781,163,294,13499,337,421,1194,204,5923,4016,1051,2283,71,799,758,1590,4949,300,2868,55,79,108,142,591,3483,173,219,418,813,344,926,1135,5928,73,854,1300,392,54,136,1619,828,320,548
Kyogle,14550,0,14285,3,0,0,33,0,12,0,0,498,11,12,113,0,3,14,11,0,0,17,3,13,6,0,0,6,35,38,46,219,1365,58,65,165,403,144,326,390,2054,18,319,499,197,13,45,558,0,8,7
Lachlan,14600,0,10328,0,0,0,6,0,10,0,13,67,0,0,10,0,0,35,0,0,0,0,0,0,0,0,0,0,0,0,0,6,124,0,3,6,70,0,20,0,25,0,3,3,15,0,0,19,0,0,0
Lake Macquarie,14650,6,336506,116,93,103,530,187,1032,262,129,10305,283,149,1765,273,249,1324,292,119,51,638,817,156,367,77,612,230,45,63,43,775,3432,165,129,215,878,277,1319,114,1017,173,229,34,362,405,34,724,274,501,221
Lane Cove,14700,39,42521,168,21,17,278,125,2963,134,171,3452,136,182,389,140,1033,1736,315,772,12,494,382,708,619,129,964,32,39,22,616,159,1521,69,134,76,813,266,336,343,890,57,290,248,321,60,118,706,254,115,109
Leeton,14750,132,18177,0,0,0,9,0,32,9,0,194,19,0,22,0,6,168,0,6,0,0,366,10,0,0,20,0,0,0,0,11,191,0,14,6,172,0,23,0,63,0,22,6,36,0,0,0,3,3,3
Lismore,14850,0,70725,13,0,0,170,9,121,12,18,2102,47,112,447,9,27,204,72,15,8,105,338,68,56,0,95,14,3,0,6,242,1046,53,50,94,318,43,205,25,230,10,15,34,88,0,0,300,89,36,68
Lithgow,14870,14,33567,13,3,14,29,18,89,27,10,1103,47,18,151,27,39,106,38,17,25,64,98,0,15,36,57,17,7,0,0,108,429,19,0,14,171,34,195,8,45,19,32,12,43,0,0,69,88,50,0
Liverpool,14900,887,211097,1389,2897,3305,254,2578,5178,3525,2838,3850,13071,189,1038,1862,693,10540,1709,1862,19761,381,5343,179,401,8346,1174,1371,870,306,864,306,6847,210,2618,114,7893,1387,700,323,969,1969,1100,264,1363,2351,1340,564,13300,94,806
Liverpool Plains,14920,0,13023,0,0,0,6,0,6,7,0,245,0,0,10,0,0,20,0,0,0,6,3,0,15,0,0,3,0,0,3,8,104,10,0,0,13,0,15,6,12,0,0,0,0,0,0,6,3,4,0
Lockhart,14950,0,5276,0,0,0,0,0,13,0,0,97,0,0,0,0,3,0,0,0,0,0,0,3,0,0,6,0,0,0,0,4,45,0,0,0,0,0,6,0,3,6,0,0,0,0,0,12,0,0,0
Maitland,15050,24,133983,65,6,0,159,40,316,37,68,2822,153,31,547,48,75,817,76,14,15,171,113,27,78,15,167,56,0,0,13,249,1555,72,109,29,707,134,522,30,594,36,78,45,153,6,14,290,90,128,238
Mid-Coast,15240,6,148587,32,0,22,198,58,242,101,123,6207,70,85,746,49,65,402,104,30,30,269,259,32,82,37,114,199,52,21,25,678,1881,141,25,105,615,129,644,29,415,69,55,4,165,4,3,362,47,136,88
Mid-Western Regional,15270,0,39059,13,0,0,30,10,48,7,3,1145,18,14,143,36,0,105,3,0,0,60,52,10,21,6,32,45,0,0,3,120,466,8,0,0,163,32,122,6,144,15,0,0,40,0,0,91,47,26,37
Moree Plains,15300,0,21335,0,0,4,19,0,14,18,0,163,94,0,20,10,12,97,0,0,0,10,12,0,10,3,11,0,4,0,0,16,185,26,0,19,99,0,19,0,84,10,17,14,27,0,0,15,6,0,17
Mosman,15350,0,33891,30,14,11,272,57,1049,118,101,4843,54,327,443,88,411,444,90,143,10,392,319,382,170,38,286,21,15,6,153,251,1595,88,33,72,292,180,457,247,963,28,95,70,171,25,55,1088,132,118,61
Murray River,15520,0,19559,3,0,0,3,0,8,3,0,462,10,0,71,6,6,34,0,3,0,23,53,8,0,0,24,25,0,0,18,69,170,12,0,0,92,0,99,6,59,11,21,9,21,0,0,18,0,13,0
Murrumbidgee,15560,0,6200,0,0,0,0,0,3,0,0,88,3,0,3,3,6,34,0,0,0,6,23,0,0,0,3,0,0,0,0,3,59,8,0,0,19,0,17,0,16,0,0,0,0,0,0,14,0,0,0
Muswellbrook,15650,0,27188,16,0,0,20,0,83,7,0,454,26,9,25,4,19,165,7,6,0,88,6,9,3,10,24,8,0,3,9,48,436,12,6,9,220,6,49,0,88,0,32,3,43,0,0,45,15,18,56
Nambucca,15700,0,31315,0,6,0,43,9,32,4,0,1349,29,27,150,3,8,52,6,0,8,48,55,16,0,13,20,9,0,3,3,118,477,8,0,17,80,7,127,6,72,6,6,0,37,0,0,80,3,45,0
Narrabri,15750,0,21815,6,0,0,3,0,42,0,0,187,0,0,47,0,0,29,0,0,0,15,3,0,0,0,3,0,0,0,20,40,174,3,13,3,91,0,27,0,21,6,18,0,0,0,0,77,0,8,11
Narrandera,15800,8,9720,0,0,0,6,0,9,0,0,131,0,12,18,0,0,23,0,0,0,0,30,0,0,0,3,0,0,0,6,15,61,0,6,0,10,0,10,0,6,0,0,0,12,0,0,3,0,0,0
Narromine,15850,0,10973,12,0,0,6,0,3,0,0,118,0,0,19,0,0,18,0,0,0,14,6,0,0,0,6,3,0,0,0,11,50,6,0,12,9,0,6,0,3,9,0,0,8,0,0,4,0,0,0
Newcastle,15900,911,252777,316,293,102,644,136,3441,359,174,6446,281,225,1184,751,544,2302,265,470,213,597,1294,250,806,58,858,81,104,77,197,441,3236,179,491,224,1633,515,1074,327,866,331,458,348,527,1326,62,1186,784,310,324
North Sydney,15950,13,73352,99,43,12,720,165,3898,152,235,8940,308,867,809,146,1912,2636,439,722,54,910,739,2061,888,115,1115,51,114,41,610,404,4049,190,166,189,1347,493,872,623,2174,121,473,581,1012,63,164,2105,439,253,199
Northern Beaches,15990,262,332994,198,386,106,2379,706,7150,1380,684,40186,621,2243,3944,620,1881,3678,1098,1479,159,2744,4529,1719,1542,498,1197,215,142,65,1161,2406,12048,667,144,527,3256,985,3628,1041,6951,963,394,423,1427,177,517,4922,894,1229,679
Oberon,16100,6,8336,0,9,0,6,0,10,3,0,278,0,0,46,6,3,4,0,0,0,18,17,0,0,8,0,0,0,0,0,19,166,0,0,0,0,0,16,0,14,25,9,0,0,0,0,6,3,0,3
Orange,16150,22,67295,29,0,0,81,0,281,63,33,1331,76,27,222,74,60,748,27,43,15,88,199,35,127,6,60,6,0,21,218,167,747,31,72,29,363,68,195,29,271,25,88,50,63,6,22,161,77,50,208
Parkes,16200,0,24668,0,0,0,12,0,87,3,4,342,20,0,32,0,0,57,48,0,36,33,14,0,16,6,6,0,0,3,7,62,159,3,18,0,165,9,32,0,52,0,0,0,6,0,0,18,13,9,0
Parramatta,16260,3221,202127,2115,369,361,645,782,46476,676,1145,7135,2661,327,1124,1025,9953,48077,2849,5756,1133,944,1924,918,17780,5360,4587,642,470,776,2392,574,6350,270,3096,262,7264,1037,949,1446,1839,409,6689,2040,1447,175,1043,1461,3009,210,465
Campbelltown,11500,946,194628,6700,430,803,266,1606,3140,778,1606,7835,5348,161,961,624,535,9224,1184,411,1407,646,962,162,311,2258,849,548,713,120,1660,381,6271,242,1702,71,2132,332,436,189,498,112,512,428,431,105,119,252,1648,134,206
Canada Bay,11520,42,93738,145,119,120,302,324,17292,329,750,4451,362,288,524,1317,2371,4218,775,669,110,1056,7350,436,6248,878,1432,253,199,135,643,686,4706,319,310,235,1541,291,1218,219,1238,99,306,214,588,46,184,1012,646,93,72
Canterbury-Bankstown,11570,1670,343310,14143,702,994,403,1074,37690,1219,5702,5701,4459,453,1484,14073,4521,10143,7251,1247,3738,1082,7569,721,6419,39636,3712,1064,938,2432,4476,293,6736,145,7915,61,1599,250,223,173,315,145,341,190,364,1017,367,272,19068,86,161
Carrathool,11600,0,4348,0,0,0,0,0,8,0,0,52,0,11,0,0,3,72,6,0,0,21,10,0,37,0,0,3,0,0,3,47,281,6,9,56,690,159,530,52,407,82,131,54,203,78,29,230,156,90,155
Central Coast,11650,75,516745,128,142,134,1124,625,3012,516,688,30233,758,556,2336,659,524,2794,769,238,118,2094,1774,551,1163,372,828,1273,215,87,138,1563,8464,535,205,247,4753,633,1788,222,1713,219,744,123,727,199,123,897,1164,609,466
Burwood,11300,9,27542,182,45,118,68,113,15155,352,193,751,282,101,176,767,1488,3144,543,98,39,340,2044,204,2485,1179,624,85,39,160,2076,25,587,23,151,91,887,234,309,285,471,104,443,468,453,60,291,412,1450,71,54
Byron,11350,0,43121,0,0,0,324,67,35,19,19,3219,37,244,671,37,29,147,31,5,0,154,248,274,32,6,48,27,20,173,14,311,1650,69,41,224,4365,688,584,436,795,288,671,531,1299,1963,713,782,19091,115,172
Cabonne,11400,0,23034,0,3,0,7,0,14,14,0,523,0,3,72,0,0,35,6,0,0,22,14,0,0,0,13,6,0,0,0,29,182,6,6,0,15,0,14,0,32,0,0,5,0,0,0,7,0,4,13
Camden,11450,332,121086,138,185,157,206,484,987,378,310,4926,1087,86,513,166,150,1338,174,168,588,531,1044,34,96,532,232,608,184,89,586,235,1788,200,270,343,2248,452,2136,283,1823,186,426,336,753,81,159,1195,471,594,418
Central Darling,11700,0,2913,0,0,0,0,0,6,0,3,14,0,0,16,0,0,0,0,0,0,0,0,0,0,0,0,0,3,0,0,78,405,6,0,24,42,21,56,10,95,0,10,6,54,0,0,196,0,0,0
Cessnock,11720,22,95182,0,0,0,84,31,95,26,6,2092,102,35,320,7,20,202,32,0,0,97,68,26,22,27,63,40,0,0,13,114,833,37,27,29,239,20,317,0,154,27,17,8,110,0,7,131,30,67,22
Clarence Valley,11730,0,84866,0,0,0,112,16,94,9,22,2559,52,42,311,14,60,177,36,0,3,70,63,41,13,0,59,46,64,3,41,322,1344,104,73,62,488,84,418,45,329,47,112,45,147,44,10,256,40,85,63
Cobar,11750,0,7434,13,0,0,15,0,6,0,0,67,11,0,6,0,0,20,8,0,0,22,0,0,0,0,0,0,256,41,540,116,2341,102,486,67,2427,260,394,53,520,74,317,49,373,96,28,127,6,0,0
Coffs Harbour,11800,464,114309,38,23,22,265,16,256,42,90,5029,155,104,746,35,112,2075,82,68,10,318,272,134,124,17,242,100,56,507,177,412,2153,155,171,162,817,202,634,167,686,108,212,318,425,27,126,546,94,128,94
Coolamon,12000,0,7293,0,0,0,15,0,0,0,0,121,0,0,9,0,0,9,0,0,0,0,0,0,0,0,0,0,331,453,1326,108,2214,49,1791,86,2543,385,195,245,276,125,308,274,835,974,328,271,0,0,0
Coonamble,12150,0,6328,0,0,0,0,0,0,0,0,47,0,0,18,3,0,14,0,0,0,4,0,0,0,0,0,0,0,0,0,0,21,0,3,0,0,0,0,0,0,0,3,0,0,0,0,0,0,0,0
Cowra,12350,0,21090,0,0,3,6,3,43,23,0,406,16,3,72,6,0,24,6,0,0,12,33,3,5,0,9,15,0,0,0,69,142,3,0,6,54,3,47,0,47,6,12,13,0,0,0,31,9,6,7
Cumberland,12380,22513,180090,1984,907,723,243,852,28261,1618,1652,2731,3590,134,683,1345,2444,28602,1678,4842,5830,544,2571,276,8711,21167,1960,2758,525,1735,9873,198,5403,118,9294,110,8055,645,518,577,578,362,9709,1662,1314,245,7154,540,9473,103,257
Dungog,12700,0,15550,0,0,0,3,0,6,3,0,377,0,0,44,0,0,6,0,0,0,23,0,0,0,0,19,0,0,0,0,21,99,0,0,0,14,0,27,0,17,0,0,0,0,0,0,15,0,3,0
Edward River,12730,0,14520,0,0,0,0,0,14,0,0,206,0,0,27,12,10,77,0,0,0,11,47,0,15,0,13,0,0,0,6,27,143,3,6,3,28,0,47,0,53,0,23,99,0,0,0,13,0,6,0
Eurobodalla,12750,0,57754,4,17,0,123,49,65,225,19,3672,34,73,639,78,28,126,39,0,0,136,226,3,18,19,41,117,15,0,10,384,921,39,0,20,206,65,485,10,242,86,27,0,51,23,14,227,73,126,22
Fairfield,12850,1092,161562,159,1853,14768,104,3329,8101,3875,860,2043,2744,214,984,906,881,1483,936,3110,37505,257,6968,107,182,4937,1071,1967,415,820,133,224,5598,136,646,46,4742,968,376,192,233,1734,442,298,3017,1573,1302,399,61602,49,107
Federation,12870,0,20435,9,0,0,0,0,20,12,0,595,3,0,80,0,7,19,12,0,0,20,23,0,26,0,9,13,0,3,0,78,197,3,14,8,78,3,93,0,8,0,9,0,20,0,0,21,8,3,0
Forbes,12900,0,16452,3,0,0,14,0,23,3,0,185,0,0,9,13,3,31,0,6,0,6,39,0,6,0,0,0,0,0,10,23,92,8,0,0,53,0,24,0,28,0,8,0,6,0,0,6,8,6,0
Georges River,12930,33,146096,1729,641,142,279,599,47321,1380,2654,3877,1469,202,607,4590,7192,4289,3152,318,177,561,2275,622,1094,3273,2527,448,237,271,9615,225,4361,145,466,159,4486,428,567,717,818,365,411,1199,1313,3392,241,678,2286,155,187
Gilgandra,12950,0,7362,0,0,0,0,0,0,0,0,68,6,0,3,0,3,25,0,0,0,0,0,0,0,3,0,0,0,0,0,15,35,0,0,0,17,0,6,0,3,0,0,0,0,0,0,0,0,0,0
Glen Innes Severn,13010,0,14427,0,0,0,3,0,22,0,0,381,9,0,36,0,0,45,0,0,0,9,0,9,0,0,3,0,0,0,16,49,147,0,3,3,42,0,38,3,15,0,0,0,0,0,6,29,8,6,0
Goulburn Mulwaree,13310,21,48949,34,4,27,51,35,137,40,36,1378,53,47,192,57,20,272,37,40,25,83,115,16,117,72,56,30,6,8,64,171,604,60,35,25,309,33,196,12,86,14,30,23,74,12,24,122,39,20,32
Greater Hume Shire,13340,0,17838,0,0,0,6,0,5,9,0,405,30,8,94,0,0,12,0,0,0,33,6,8,0,0,6,6,0,0,0,93,172,0,0,11,57,0,3,0,20,3,3,0,17,0,0,30,0,7,0
Griffith,13450,415,36257,12,0,0,6,19,119,0,25,462,350,17,56,0,43,1952,7,27,13,44,2109,0,49,27,161,8,11,24,12,51,870,0,231,13,447,0,72,3,166,0,55,300,57,9,183,51,0,13,78
Gundagai,13510,0,19076,0,0,0,0,0,15,0,0,378,3,0,48,3,0,47,9,0,0,16,9,0,0,3,10,6,3,0,0,29,155,0,0,6,84,6,37,6,8,0,3,35,6,0,0,18,9,0,0
Gunnedah,13550,6,21006,0,0,0,6,0,57,0,0,216,0,0,37,0,14,36,9,0,0,6,12,3,28,0,3,3,0,0,0,17,170,6,7,9,86,8,34,0,89,0,8,0,0,0,8,38,18,6,0
Gwydir,13660,0,8867,0,0,0,0,0,6,0,0,136,3,0,29,0,0,6,0,0,0,6,0,0,0,0,0,0,0,0,0,9,47,8,0,0,21,0,15,0,3,0,0,0,0,0,0,16,0,0,0
Hawkesbury,13800,0,105077,0,13,6,108,78,474,149,54,4703,145,75,581,189,76,262,85,64,24,362,363,33,81,153,189,954,29,13,0,465,1658,136,50,61,525,86,507,66,504,92,52,28,167,155,24,268,115,127,50
Hay,13850,0,4698,0,0,0,0,0,3,0,0,42,31,0,12,7,0,28,0,0,0,0,40,0,0,0,0,0,0,0,3,11,78,0,12,0,13,0,10,0,9,0,0,0,3,0,0,3,0,0,0
Penrith,16350,1128,283754,645,378,183,342,525,2442,1166,1370,12228,2333,215,1643,877,333,7530,605,749,935,1220,1807,124,649,1430,719,2519,460,158,660,1084,7749,631,1317,178,7602,713,2079,331,1451,486,1630,208,763,243,452,653,813,328,476
Port Macquarie-Hastings,16380,0,127715,19,3,3,279,50,312,59,114,6498,99,118,665,46,78,473,73,24,3,375,235,85,84,25,122,150,19,6,40,581,2102,165,17,102,508,91,836,57,517,57,75,18,146,12,22,495,101,143,124
Port Stephens,16400,0,112523,11,20,18,232,79,185,145,65,5347,78,92,669,112,75,191,50,6,15,204,252,59,104,19,265,165,87,0,41,456,1742,105,28,77,466,91,754,36,521,71,14,30,189,28,18,372,71,228,77
Queanbeyan-Palerang Regional,16490,32,83986,333,53,26,206,86,408,348,89,3382,242,134,577,266,74,1685,165,69,41,202,784,44,100,43,223,162,29,42,254,226,1572,71,186,140,903,183,434,96,421,194,212,24,178,1052,40,609,152,125,102
Randwick,16550,81,144751,686,161,151,997,907,19839,369,1080,12489,621,2096,1627,2911,3462,2784,4832,876,537,5609,2159,893,1164,711,3774,510,248,207,280,591,5380,530,411,274,2364,1103,1613,1476,3495,253,585,845,1308,59,340,2130,1473,384,287
Richmond Valley,16610,0,38848,0,0,6,42,0,33,0,0,742,3,3,83,9,0,26,0,0,0,57,47,0,0,0,9,19,0,6,0,104,432,6,9,34,226,6,108,7,42,0,3,0,23,0,0,83,3,10,9
Rockdale,16650,63,101254,4131,433,121,228,881,16927,691,2780,2947,1195,255,509,6237,2158,3657,2158,440,254,687,2320,684,686,5442,1206,635,204,120,7648,203,3395,130,487,117,4014,585,463,482,567,455,247,550,1565,5592,690,535,2118,68,122
Ryde,16700,827,112842,812,147,142,443,349,29084,569,792,4639,734,323,738,795,5629,8252,2469,3027,402,716,3292,1158,9096,1591,2989,278,227,365,917,284,2897,93,804,215,4145,534,639,1075,1190,272,2002,1316,1067,215,334,954,1813,154,235
Shellharbour,16900,7,105895,8,131,50,125,389,218,376,153,6338,84,75,1103,197,52,343,79,48,36,245,809,51,82,97,98,525,18,0,6,533,1214,99,81,41,614,210,1070,49,447,238,49,18,212,1619,328,230,197,397,43
Shoalhaven,16950,18,157483,43,39,14,243,147,486,308,110,9309,122,116,1114,288,105,565,151,28,51,344,587,96,111,76,144,424,76,10,74,826,2396,202,48,120,717,191,1066,90,444,107,83,19,273,78,19,616,153,321,79
Singleton,17000,0,38574,13,0,0,24,6,67,0,7,751,19,16,90,4,37,67,29,0,0,76,13,0,24,6,31,17,0,6,0,90,861,13,10,28,256,0,88,15,246,3,19,31,23,0,6,101,40,16,24
Snowy Monaro Regional,17040,0,31286,0,0,0,105,3,93,37,3,1326,24,42,398,40,48,55,38,0,0,74,158,15,45,41,34,6,0,3,0,172,519,31,13,39,74,56,184,14,92,35,37,104,92,11,25,158,45,13,12
Snowy Valleys,17080,0,23439,0,0,0,26,0,49,15,0,475,31,7,114,0,9,62,11,4,6,10,19,0,4,8,25,0,0,0,0,81,399,9,11,12,94,13,78,6,200,3,0,67,44,4,0,26,19,7,10
The Hills Shire,17420,1273,193957,658,183,159,589,486,16142,762,1281,10391,1561,219,1224,525,3976,11413,1750,3346,339,1099,2184,384,4927,1555,3392,897,338,320,280,717,4577,270,1361,216,4781,853,1118,1198,4879,262,4670,987,717,86,506,1795,1107,257,420
Tweed,17550,0,140984,0,22,17,422,41,461,61,57,8816,196,232,851,63,69,701,133,14,0,379,410,327,83,27,170,151,49,4,44,599,5056,196,22,253,925,123,1053,103,623,109,51,61,327,0,20,668,54,274,121
Upper Hunter Shire,17620,16,23140,10,0,9,15,0,84,6,0,483,3,16,54,0,0,50,6,0,0,126,14,0,14,3,18,7,0,3,7,38,359,18,7,10,169,0,64,0,72,0,10,9,10,0,0,37,71,0,23
Upper Lachlan Shire,17640,0,12870,0,0,0,11,0,9,0,0,346,6,6,53,0,0,0,0,0,0,22,16,0,0,0,0,3,0,0,0,23,137,3,0,12,16,0,57,0,9,0,0,6,0,6,0,42,0,20,0
Uralla,17650,0,10290,0,0,0,3,0,0,0,0,285,3,0,35,0,0,15,0,0,0,6,6,6,0,0,3,0,0,0,0,24,119,0,0,6,3,0,22,10,26,0,0,0,3,0,0,28,0,3,0
Wagga Wagga,17750,321,105014,156,0,0,120,48,515,30,189,1634,107,45,243,50,104,1298,54,167,71,144,84,20,119,8,218,3,12,270,140,205,880,52,184,72,847,43,270,40,432,46,266,81,90,0,6,205,109,42,176
Walcha,17850,0,5076,0,0,0,0,0,9,0,0,92,0,0,9,0,0,0,0,0,0,0,0,0,0,0,0,0,0,0,0,8,53,0,0,3,6,0,11,0,0,0,0,0,0,0,0,0,0,0,0
Walgett,17900,0,9411,0,6,0,0,0,21,46,0,159,8,0,61,9,0,39,0,0,0,0,6,0,3,0,0,0,0,0,21,29,111,6,29,6,69,0,21,0,9,68,0,0,0,6,0,15,0,0,3
Warren,17950,0,4556,0,0,0,0,0,4,0,0,36,0,0,12,0,0,0,0,0,0,9,0,0,0,0,0,0,0,0,0,0,30,0,0,0,16,0,6,0,13,0,0,0,8,0,0,0,0,0,3
Warrumbungle Shire,18020,0,15297,3,0,0,6,0,7,3,0,336,0,0,79,16,0,46,8,0,0,0,10,0,8,0,9,0,0,0,3,39,107,6,6,3,43,0,37,0,24,0,3,0,8,0,0,32,9,0,0
Waverley,18050,19,67141,81,32,12,650,659,1433,124,268,9521,148,1535,1175,413,449,595,341,198,87,2054,1649,590,326,158,304,123,68,29,88,371,3503,214,56,100,821,674,694,431,5640,121,90,155,409,71,157,1950,203,276,162
Weddin,18100,0,6171,0,0,0,0,0,3,0,0,133,0,0,21,6,0,7,0,0,0,0,0,0,0,0,3,6,0,0,0,14,37,0,0,0,16,0,0,0,0,0,3,0,0,0,0,9,0,0,0
Wentworth,18200,0,11315,0,0,0,12,0,0,3,0,189,9,0,12,0,0,16,0,0,0,0,76,0,0,0,6,0,0,0,0,14,125,6,0,6,21,0,25,0,0,6,0,0,6,0,6,14,0,6,0
Western Plains Regional,18230,22,84154,119,0,6,49,4,359,12,61,1046,103,34,142,62,28,741,44,54,17,98,75,14,94,49,89,15,10,7,418,133,783,57,150,33,444,15,141,40,192,6,264,30,56,7,6,133,97,15,173
Willoughby,18250,83,73391,105,31,56,484,133,15806,495,335,5471,239,391,476,305,4943,3789,1329,1126,81,626,935,2845,4405,544,2121,33,88,91,731,294,2772,127,259,528,1794,355,442,1023,1342,84,329,2002,979,122,216,1220,729,141,121
Wingecarribee,18350,0,73804,40,3,7,229,60,402,69,58,5342,101,113,538,146,150,394,68,33,18,242,348,59,48,67,76,124,10,0,269,385,1427,102,12,64,268,144,652,96,452,43,44,100,96,40,3,397,112,137,63
Wollondilly,18400,10,79634,26,24,21,77,100,234,187,60,3692,87,41,351,119,40,112,41,43,28,274,410,20,28,222,51,326,38,6,10,268,936,128,18,33,210,69,484,52,327,89,35,8,85,45,20,195,88,117,60
Wollongong,18450,105,295878,239,605,57,773,1020,6058,1623,322,16198,380,386,2215,1435,407,2888,616,790,886,927,5246,347,621,1246,838,770,59,399,158,1482,4327,381,511,207,2115,728,2895,254,1127,1013,615,226,1185,5785,1106,1365,1874,891,244
Woollahra,18500,3,63090,24,29,6,485,156,1589,97,250,6953,118,777,783,340,893,499,271,228,92,770,685,319,261,131,470,43,38,31,36,277,2995,99,26,121,548,494,539,518,4107,92,165,110,253,30,100,1693,205,176,171
Yass Valley,18710,0,26636,3,7,0,62,11,40,53,0,1148,12,6,138,12,3,43,6,0,0,76,51,9,3,13,28,9,0,0,0,119,373,15,7,69,34,15,104,7,80,0,3,0,19,0,0,145,14,16,20
Unincorporated NSWUnincorporated NSWUnincorporated NSWUnincorporated NSWUnincorporated NSWUnincorporated NSWUnincorporated NSWUnincorporated NSW),19399,0,1678,0,0,0,0,0,0,0,0,31,0,0,8,0,6,0,0,0,0,0,0,0,0,0,0,0,0,0,0,0,44,0,0,0,0,0,0,0,0,0,0,0,0,0,0,6,0,0,0
Alpine,20110,0,18851,0,6,0,68,3,13,33,0,887,7,26,224,30,6,38,3,0,0,23,555,6,14,0,29,16,0,9,19,123,304,20,0,6,90,19,111,9,22,13,4,21,18,0,0,82,3,15,3
Ararat,20260,0,19072,0,0,3,12,0,32,14,3,453,15,0,86,18,15,134,6,0,0,19,49,0,4,9,3,6,10,0,0,85,352,6,42,18,151,10,60,3,22,6,15,87,12,0,19,25,44,8,6
Ballarat,20570,50,170118,121,22,8,172,29,1426,210,73,4168,126,82,563,116,100,1722,100,124,69,269,352,148,73,18,373,117,30,38,64,1078,1521,136,130,67,834,111,700,114,406,104,235,87,211,4,22,449,177,126,80
Banyule,20660,66,174202,102,208,53,413,128,6933,733,465,6596,194,280,1138,2150,812,4053,462,1135,187,797,4301,452,404,747,1960,422,274,125,167,488,2799,228,349,142,1170,530,1109,571,839,326,1538,362,482,796,153,948,1448,190,146
Bass Coast,20740,3,50317,3,0,0,91,42,134,43,34,3396,11,53,383,134,48,270,37,8,0,161,450,40,6,0,74,126,45,32,37,505,1007,111,0,25,166,32,438,6,133,42,77,14,110,0,6,154,64,83,11
Baw Baw,20830,3,78830,15,11,14,87,17,158,95,30,3441,51,21,461,48,30,337,25,21,0,151,378,47,18,3,75,77,58,3,6,746,1055,135,18,46,247,98,458,31,259,54,147,97,69,0,14,189,54,87,47
Bayside,20910,15,133891,24,102,76,768,167,3583,323,402,11701,138,561,1478,1366,436,1626,192,202,39,1133,1455,628,205,201,792,136,186,35,24,671,3588,278,96,75,427,954,1558,529,2312,238,512,129,287,76,237,1722,328,305,144
Benalla,21010,0,22912,0,0,7,13,0,41,0,0,619,13,6,177,3,12,109,0,0,9,35,58,3,0,0,16,7,0,0,0,153,194,20,0,8,63,7,78,3,21,6,18,3,12,0,0,64,6,15,3
Boroondara,21110,81,214821,290,89,162,807,163,22144,366,534,9922,371,749,1334,3203,3511,8109,1497,1288,362,980,3046,797,1411,282,6662,215,316,144,232,633,5293,254,444,198,1127,731,1218,1914,2030,235,2472,1641,916,268,352,2154,3959,232,277
Brimbank,21180,1800,174324,965,2444,422,208,1510,4777,4572,2016,3306,1196,227,1865,4444,1029,18580,806,1194,929,391,6372,180,298,1585,1826,9050,422,2942,1210,382,6534,219,3637,195,11494,2106,674,465,352,1436,3805,315,1071,6153,1331,499,43398,89,149
Buloke,21270,0,10396,0,0,0,12,0,9,6,3,191,3,0,24,0,0,56,0,0,0,6,10,0,0,0,6,0,0,0,0,20,66,0,0,0,42,3,28,0,6,0,6,3,3,0,0,3,0,0,0
Campaspe,21370,0,62505,0,6,3,34,3,77,9,16,1298,19,29,167,39,9,162,13,10,0,103,311,12,52,0,28,28,0,0,12,204,788,24,0,17,408,12,202,6,80,14,52,0,55,15,14,107,7,20,12
Cardinia,21450,428,140761,192,130,144,236,269,538,332,404,8270,311,109,860,163,111,3337,226,92,34,435,722,88,108,94,357,192,821,58,60,1230,3295,177,274,84,1227,241,1195,251,909,209,1750,154,238,38,77,414,188,253,229
Casey,21610,30426,336049,798,2255,3301,470,2077,8517,2534,2359,17013,3866,355,2047,1583,927,35859,1679,1740,1288,1087,3305,232,839,1420,3075,765,6318,354,616,2471,14223,722,4773,128,9409,2520,3171,1489,4124,1881,22557,461,1305,1047,1592,1127,3327,411,991
Central Goldfields,21670,0,21293,0,0,3,12,0,33,9,0,932,10,0,82,10,0,67,6,0,0,21,32,0,0,4,6,26,0,0,3,151,196,33,7,3,113,6,107,6,18,9,12,0,0,0,0,33,6,9,0
Colac-Otway,21750,165,34912,0,0,0,17,0,130,19,16,943,21,10,137,45,15,115,18,23,0,42,133,12,7,0,46,20,4,0,23,138,470,6,23,6,109,9,149,14,22,6,13,41,20,6,0,68,28,24,26
Corangamite,21830,0,27076,0,0,0,12,0,20,3,0,531,6,8,67,0,0,24,8,0,3,18,23,0,0,0,3,13,0,0,0,183,506,6,0,0,125,0,76,14,14,7,18,0,3,0,8,33,3,3,3
Darebin,21890,340,173824,723,323,189,598,325,9643,738,740,5624,395,455,853,9112,648,9117,596,1146,654,921,12269,585,375,2330,1828,692,507,82,1714,347,4365,162,1085,118,1822,420,840,605,668,313,1667,462,806,2300,498,1105,5575,158,159
East Gippsland,22110,0,71221,0,0,0,90,26,143,32,39,3384,52,32,591,93,22,275,39,3,12,128,318,3,16,0,91,102,26,12,3,616,875,93,9,51,328,62,454,16,198,25,67,62,38,0,0,167,115,98,24
Frankston,22170,524,191886,83,431,191,369,360,1777,552,331,14993,587,220,1585,937,300,3428,308,131,37,896,1201,148,119,271,634,213,677,75,34,1393,6285,456,215,154,2148,681,2535,280,1724,272,1180,127,536,81,172,765,350,536,379
Gannawarra,22250,0,18244,0,0,0,0,0,7,0,0,306,0,0,47,6,0,70,0,0,0,6,27,0,0,0,0,16,0,0,17,80,135,0,0,0,97,0,20,0,63,9,6,0,8,0,0,9,0,0,0
Greater Shepparton,22830,2741,96981,60,6,18,93,0,320,68,35,1723,84,32,243,312,78,2399,52,227,925,155,1684,32,47,17,413,37,9,3,57,399,1420,59,446,33,805,45,265,38,246,50,276,405,161,144,509,160,86,41,71
Hepburn,22910,0,23289,3,8,0,52,0,35,67,16,1352,0,34,200,45,10,74,12,3,0,51,73,3,0,0,44,62,9,3,29,217,410,20,0,0,70,21,148,8,70,41,21,0,26,15,0,118,10,33,12
Hindmarsh,22980,0,9544,0,0,0,3,0,10,0,0,189,0,0,12,0,0,51,0,0,0,3,7,0,0,0,0,3,0,162,6,39,66,9,0,0,52,0,6,0,42,0,3,0,94,0,0,7,0,6,13
Hobsons Bay,23110,53,112337,253,288,258,306,237,2117,1058,336,5978,233,261,962,2136,294,5121,540,350,124,833,2959,248,161,2004,775,2325,249,545,267,363,3900,213,537,59,2042,612,1095,305,667,646,442,67,739,1374,125,645,2819,163,75
Horsham,23190,0,34401,21,0,3,23,0,51,8,6,488,9,0,50,19,0,224,0,9,0,16,125,12,12,3,16,0,0,46,20,87,186,6,7,24,192,12,86,8,54,10,29,8,50,0,35,40,10,3,15
Hume,23270,1033,227659,572,606,100,297,349,1640,1396,1818,5777,1778,184,1092,2196,282,17232,503,1702,21262,575,6427,122,169,6958,879,2324,427,158,1146,484,6698,266,4131,181,5261,634,1134,699,687,476,6221,122,811,694,12403,618,2644,122,266
Indigo,23350,0,26929,0,0,0,34,0,6,21,0,985,25,32,212,6,6,41,6,0,0,26,52,13,3,0,0,0,0,0,0,147,279,16,9,16,55,6,103,6,33,0,0,0,24,3,0,51,14,38,6
Kingston,23430,263,191553,352,347,1892,563,507,8259,726,898,12026,694,441,1503,5794,737,10228,598,373,187,1290,3078,683,583,578,1370,317,1339,163,221,778,4830,457,506,135,2758,1197,2019,540,2484,415,3111,299,759,163,988,1027,2923,316,253
Knox,23670,770,201837,152,220,1074,321,392,12178,462,1088,11373,488,217,2305,1198,2654,7874,1173,1152,262,843,2155,303,1121,375,6523,347,715,229,271,1651,3857,398,378,145,2675,1050,1620,1846,2173,446,6356,540,677,111,226,789,2520,364,223
Latrobe,23810,0,114787,102,34,38,156,38,553,150,67,3943,76,44,911,187,60,619,70,49,13,221,1241,45,52,15,192,705,44,33,50,1387,1295,212,87,49,829,198,1077,42,316,87,202,25,151,6,7,214,127,106,43
Loddon,23940,0,11975,0,0,0,6,0,15,14,6,334,0,0,49,13,0,27,0,0,0,15,16,0,0,0,6,31,0,0,0,69,142,0,0,3,116,0,52,4,35,11,0,0,6,0,0,30,0,6,0
Macedon Ranges,24130,0,73585,0,12,19,133,29,176,138,55,3906,39,68,566,90,26,221,22,6,12,244,467,24,10,16,101,335,0,0,3,347,1158,130,3,34,211,85,544,61,313,37,88,147,57,25,18,310,50,123,29
Manningham,24210,94,129532,94,82,174,290,155,21682,632,1351,5109,335,169,1008,5658,6123,3510,887,3925,239,328,6335,405,1569,806,7761,395,151,72,40,489,2157,155,737,108,852,393,681,1785,2400,221,1357,1438,366,498,337,744,2045,122,220
Mansfield,24250,0,13599,0,0,0,24,0,51,6,6,590,0,9,155,8,15,52,6,0,0,12,51,4,3,0,4,11,0,0,3,72,175,7,3,6,8,15,67,13,35,9,6,42,25,0,0,40,0,3,0
Maribyrnong,24330,352,86249,1137,389,231,334,419,4650,715,251,3307,293,185,509,1686,671,6578,722,481,186,528,1819,367,447,207,1645,355,256,631,1152,220,3287,100,800,112,2132,407,504,472,370,351,808,304,564,977,315,599,15364,93,109
Maroondah,24410,140,159327,111,97,390,338,208,5953,271,278,8909,238,173,1268,426,899,3846,442,1019,92,519,1097,195,502,143,1965,230,213,3505,104,1118,2581,285,229,139,1076,449,1307,454,1460,161,1248,322,750,65,74,720,870,231,194
Melbourne,24600,216,88871,288,201,274,1024,538,42840,246,419,6263,271,1183,1097,471,3830,12146,6566,1117,131,937,2497,2198,6221,191,13247,198,546,400,223,431,5691,151,491,110,2266,451,782,3924,984,145,1339,3190,3464,210,492,2187,3784,184,174
Melton,24650,488,172062,398,1012,88,189,1023,1595,1453,1615,5186,1019,118,976,798,316,10241,616,342,728,472,1942,143,273,669,1030,3917,315,366,193,433,5631,193,1445,55,7879,835,983,512,808,617,2404,149,599,2295,496,455,3750,170,290
Mildura,24780,998,85462,42,8,75,42,11,234,132,19,1483,53,59,252,282,105,744,43,53,97,77,1249,69,117,12,473,18,14,0,38,184,886,28,90,9,448,21,204,9,173,98,132,226,133,6,567,88,284,45,38
Mitchell,24850,6,64704,3,0,26,86,21,460,87,44,2136,67,28,306,107,27,559,35,7,74,195,464,50,24,43,134,270,39,0,4,212,892,78,45,36,393,99,292,80,198,23,162,37,111,96,68,132,32,35,53
Moira,24900,0,47479,4,6,25,43,3,36,37,15,1240,19,6,163,33,8,337,12,8,110,66,438,6,0,0,149,56,18,16,23,267,820,31,39,21,261,15,248,17,59,38,19,21,54,6,0,74,0,31,0
Monash,24970,820,168152,1241,253,950,506,465,45761,788,1391,6943,630,412,1552,8887,5063,19229,3598,1308,355,749,5279,1236,4084,443,12142,311,1335,236,525,702,4183,249,1302,131,2332,1407,1141,3528,1879,485,13312,1544,1085,216,754,1100,5618,190,268
Strathfield,17100,59,29598,240,51,116,69,109,8078,176,436,581,321,59,149,357,1404,8829,466,134,50,278,952,159,6187,1302,779,52,137,181,1945,262,2107,109,473,125,1617,317,550,341,774,137,2180,375,634,298,190,530,1904,6,36
Sutherland Shire,17150,15,339329,195,368,131,894,676,6015,812,1853,15762,698,488,1779,2057,1402,2208,981,254,121,1674,2244,515,466,1238,1118,691,283,150,411,977,7321,432,223,317,2536,892,1848,1042,2310,356,376,976,4665,973,376,2394,842,519,256
Sydney,17200,113,164198,556,319,207,2158,937,40564,433,494,18776,805,3832,2523,1449,4720,5614,10462,1388,232,3891,3496,3467,7001,822,4670,274,232,360,571,912,8678,440,412,304,2865,897,1649,1806,2048,298,640,1950,9440,206,715,4132,4237,543,294
Tamworth Regional,17310,6,100952,67,0,0,95,4,261,20,16,1578,88,35,207,28,67,483,41,23,15,122,61,20,344,17,99,29,19,132,532,139,789,18,142,84,922,63,184,140,268,29,748,320,222,9,33,211,137,36,63
Temora,17350,0,10765,0,0,3,9,0,3,0,6,145,0,0,34,0,0,24,0,0,0,4,9,0,0,0,0,0,0,0,0,17,27,0,0,0,68,0,14,0,3,0,0,0,0,0,0,9,15,6,0
Tenterfield,17400,0,10533,0,0,0,12,0,5,0,0,315,8,6,41,0,0,18,6,0,0,10,34,6,0,0,0,0,0,0,0,40,183,0,0,6,39,3,16,0,16,0,8,0,0,0,0,24,8,0,7
Glen Eira,22310,52,164053,273,162,129,648,247,14308,352,590,7775,229,1145,1727,4147,1153,12513,913,437,106,1328,2165,1350,1420,326,2247,160,347,68,416,434,3291,203,239,66,1027,2018,808,697,4790,225,1418,323,485,86,169,1479,1482,145,314
Glenelg,22410,0,32344,16,0,0,6,0,15,9,8,891,17,0,95,7,0,58,6,7,0,22,34,6,0,0,17,26,3,3,0,233,488,38,4,13,130,5,141,9,79,16,33,0,32,3,0,49,18,14,33
Golden Plains,22490,0,36466,0,20,0,11,0,9,75,12,1529,0,25,244,15,12,36,0,0,0,77,100,19,10,11,24,48,27,219,22,305,673,81,36,29,304,33,308,49,160,55,95,29,264,15,4,144,22,17,16
Greater Bendigo,22620,256,186660,84,6,15,194,9,609,66,125,3883,117,49,488,124,87,1402,122,80,36,269,316,63,100,37,318,103,717,1283,134,593,2189,137,877,81,1779,431,652,211,555,403,3189,182,1325,472,381,343,147,111,80
Greater Dandenong,22670,17652,108940,1103,3130,13745,144,1116,9207,1707,844,3426,1254,179,1048,3547,849,24810,1255,1811,645,364,3518,249,749,1188,2888,567,2022,2556,335,1242,4536,348,3584,113,3806,1249,1262,573,954,1242,9995,317,1954,1784,1196,586,26544,91,255
Greater Geelong,22750,1839,359871,182,869,121,595,106,3052,2665,267,15927,227,320,2672,935,387,4644,451,912,436,1120,3277,279,298,211,1020,671,195,569,300,2136,4146,635,718,168,2138,746,2220,499,1041,798,877,190,955,1098,385,1108,1037,568,291
Moonee Valley,25060,102,153789,169,310,115,441,541,3701,1036,1008,4129,201,244,906,2849,675,5510,513,952,207,888,9666,404,501,622,1338,1319,200,55,581,318,2357,133,315,70,992,400,641,321,427,252,844,201,345,379,452,597,4629,93,86
Moorabool,25150,0,51283,0,15,0,44,48,62,112,11,2300,41,16,357,73,13,363,11,0,0,139,210,6,0,17,29,362,136,59,1001,332,2072,101,1001,48,823,300,527,196,299,123,540,120,315,126,804,500,85,80,52
Moreland,25250,349,192588,1047,294,99,679,384,5332,767,1210,6370,626,536,1276,6789,605,8197,1339,1281,1448,977,15774,707,562,5297,1856,1670,393,185,3722,776,5380,281,5134,132,1867,660,1485,514,856,273,1586,300,714,233,2588,1366,2348,175,186
Mornington Peninsula,25340,57,233887,7,74,71,597,164,836,503,331,23193,132,279,1829,1138,169,730,215,63,43,1281,2290,214,68,81,392,406,213,34,18,1396,3302,462,17,137,534,292,2285,150,994,151,248,47,246,72,86,819,165,607,143
Mount Alexander,25430,6,29699,0,0,3,47,7,66,13,0,1404,12,33,157,31,40,111,16,7,6,69,57,34,7,32,49,26,6,0,3,165,495,24,0,8,63,18,108,6,76,20,17,93,10,7,6,97,111,37,0
Moyne,25490,0,27680,0,0,0,48,0,34,0,0,710,0,12,70,12,6,11,3,0,0,60,19,9,0,0,18,0,0,0,0,144,530,16,0,3,112,9,78,9,70,0,20,30,11,3,0,44,0,19,15
Murrindindi,25620,0,21739,0,0,0,33,0,46,6,6,1052,0,0,158,54,6,75,3,6,0,43,72,0,8,3,41,21,28,0,0,220,567,61,10,11,99,57,259,46,235,31,92,4,43,75,16,171,6,12,0
Nillumbik,25710,12,97918,5,0,18,225,40,849,228,130,5359,74,118,691,382,146,497,101,202,34,400,1272,123,50,93,443,222,62,9,5,339,959,117,50,36,168,90,510,124,534,72,237,30,64,194,50,371,149,132,102
Northern Grampians,25810,0,19263,0,0,0,14,0,24,10,0,446,9,0,66,6,0,84,15,0,0,9,11,0,21,0,10,3,82,22,51,218,1638,91,26,46,366,316,347,190,353,71,119,165,210,38,83,605,19,3,3
Port Phillip,25900,55,116834,100,189,40,910,313,3630,278,320,9918,182,1211,1384,2330,674,4047,846,529,89,2359,1715,706,556,148,1666,197,371,58,341,545,5582,306,187,114,1109,1560,1252,740,2778,233,884,439,624,142,329,2133,675,248,168
Pyrenees,25990,0,11717,0,0,4,12,0,16,3,0,523,0,0,47,14,0,6,0,0,6,12,29,0,0,8,9,40,0,0,0,68,142,0,0,0,20,0,50,0,4,7,0,3,0,0,0,21,20,3,0
Queenscliffe,26080,12,4545,0,0,0,7,0,3,0,0,237,0,0,6,0,0,4,0,0,0,10,15,0,0,0,0,0,0,0,0,21,69,0,0,0,0,0,32,0,0,0,0,0,0,0,0,13,0,0,0
South Gippsland,26170,0,45929,3,0,7,41,17,92,19,17,2143,6,11,286,32,6,203,9,0,0,127,406,9,37,3,46,27,23,4,0,518,703,49,0,8,159,25,302,0,101,14,55,0,22,0,0,118,33,26,20
Southern Grampians,26260,0,27039,6,0,11,33,3,69,0,3,642,0,0,62,15,16,110,0,0,0,15,17,0,6,0,26,7,6,3,0,138,401,3,0,19,92,3,112,8,82,4,14,3,25,0,0,55,14,15,6
Stonnington,26350,111,126321,93,162,123,700,211,9006,224,366,7344,211,919,1040,3254,1184,5214,1141,596,59,1251,1349,789,695,150,2514,100,327,96,297,458,5122,216,210,99,1044,933,923,1077,1670,155,1200,509,768,86,242,1721,1220,161,193
Strathbogie,26430,0,16694,0,0,0,0,0,19,12,6,575,0,6,91,18,6,76,3,0,0,23,46,0,24,0,6,7,0,0,0,73,177,12,6,3,81,0,69,0,16,9,0,15,36,3,3,42,9,0,0
Surf Coast,26490,0,48337,0,0,0,161,7,59,32,20,2196,16,52,305,87,23,128,28,16,0,204,176,56,17,3,44,82,23,0,3,246,663,64,0,24,126,32,310,23,253,18,15,0,21,30,3,297,17,49,24
Swan Hill,26610,551,30737,26,0,78,9,0,97,6,0,362,84,30,54,61,36,488,91,19,9,22,464,8,45,0,324,14,23,3,6,58,266,6,79,0,238,0,51,0,72,3,55,122,101,0,0,35,347,0,45
Towong,26670,0,9908,0,0,0,6,0,6,6,0,301,0,0,72,0,0,21,0,0,0,0,23,0,0,0,0,0,0,0,0,65,105,0,0,3,13,0,33,0,16,18,3,0,0,0,0,33,0,0,11
Wangaratta,26700,0,47430,4,0,6,48,3,57,32,12,1072,9,30,214,39,12,151,7,18,0,32,693,16,3,0,75,11,5,0,48,251,316,19,13,19,185,15,162,15,88,18,72,9,40,0,12,111,3,10,10
Warrnambool,26730,0,56541,4,0,11,44,0,279,6,46,1166,35,32,66,17,66,159,43,4,0,139,44,36,188,6,87,31,11,12,12,192,718,67,0,10,226,9,237,16,126,6,159,330,102,6,8,122,12,11,23
Wellington,26810,12,69273,3,9,21,88,9,111,105,36,2527,45,34,363,43,62,353,31,3,10,101,213,6,14,25,185,39,28,9,8,596,1046,101,48,19,420,94,324,56,190,29,108,89,94,6,15,210,250,63,42
West Wimmera,26890,0,6802,0,0,0,6,0,0,0,0,147,0,0,23,0,0,25,0,0,0,0,0,0,0,0,0,0,0,0,0,9,63,0,4,6,24,0,13,0,0,0,0,0,0,0,0,18,0,3,0
Whitehorse,26980,232,185518,329,183,903,498,225,37248,434,580,7839,533,350,1343,3252,4821,9886,1960,1951,156,712,2878,755,2190,228,8867,253,435,357,454,852,3717,266,925,179,2007,749,1188,1932,1607,306,4280,1777,1040,161,189,1120,4712,209,334
Whittlesea,27070,962,230621,589,765,555,252,309,7503,1247,1994,5223,1318,163,811,7499,650,22235,811,3317,4641,558,11955,229,433,3293,2259,1981,771,117,973,377,4645,225,1746,112,4600,482,805,789,1000,639,6256,282,773,10870,1542,591,6425,138,712
Wodonga,27170,16,65349,17,36,7,56,3,151,223,9,1411,50,32,590,9,26,568,16,34,3,75,149,6,26,15,76,23,31,11,142,285,617,27,47,35,463,54,245,25,169,71,132,27,72,0,0,122,27,55,27
Wyndham,27260,775,229094,3155,819,404,475,868,11060,924,846,9947,1945,242,1168,1083,1178,44787,2757,984,553,762,3477,445,1445,1755,4119,2209,1145,4041,866,579,15440,424,4134,184,11444,1091,1999,2145,2352,810,4081,480,2945,1286,336,1110,3253,293,565
Yarra,27350,189,106120,37,113,124,803,275,3131,269,208,6634,128,711,825,2253,597,1277,484,299,38,1060,1725,467,362,127,1485,137,132,48,117,353,5297,195,132,94,653,290,815,531,771,151,400,338,618,177,274,1663,5249,170,106
Yarra Ranges,27450,3,233083,20,63,69,469,148,1339,222,123,16185,144,262,2208,243,251,1520,305,223,10,627,1810,226,138,145,603,244,192,1428,85,3165,3713,481,75,164,902,536,1728,237,1540,129,608,119,429,79,62,978,255,321,167
Yarriambiack,27630,0,11321,0,0,0,0,0,16,0,0,231,0,3,38,10,0,63,0,0,0,18,4,0,0,0,0,6,6,0,6,31,66,0,0,7,26,3,7,0,13,0,0,0,6,0,0,6,0,0,0
Unincorporated VicUnincorporated VicUnincorporated VicUnincorporated VicUnincorporated VicUnincorporated VicUnincorporated VicUnincorporated Vic),29399,0,999,0,0,0,0,3,9,0,0,43,0,0,9,0,3,0,0,0,3,0,0,9,8,0,6,0,0,0,0,0,31,0,0,0,0,6,0,0,12,0,0,52,0,0,0,3,0,0,0
Aurukun,30250,0,2413,0,0,0,0,0,0,0,0,0,11,0,0,0,0,0,0,0,0,0,0,0,0,0,0,0,0,0,0,0,0,0,0,3,6,0,0,0,0,0,0,0,0,0,0,0,0,0,0
Balonne,30300,0,7433,0,0,0,3,0,0,0,0,78,0,0,23,0,8,20,6,3,0,11,0,0,0,0,0,0,0,0,0,0,87,0,0,9,54,0,14,0,74,0,3,0,0,0,0,6,3,0,14
Banana,30370,40,23666,15,0,3,27,0,89,0,0,317,25,3,15,0,9,75,5,3,0,6,23,0,3,0,12,0,0,98,0,61,420,3,0,38,269,0,12,0,95,0,99,6,20,0,0,14,192,0,32
Barcaldine,30410,0,4893,0,0,0,3,0,0,0,0,50,0,0,9,0,0,6,0,0,0,6,0,0,0,0,0,0,0,0,6,0,69,0,6,0,7,0,12,0,18,0,0,0,0,0,0,0,0,0,0
Barcoo,30450,0,460,0,0,0,0,0,0,0,0,0,0,0,0,0,0,0,0,0,0,0,0,0,0,0,0,0,0,0,0,0,0,0,0,0,0,0,0,0,0,0,0,0,0,0,0,0,0,0,0
Blackall-Tambo,30760,0,3365,0,0,0,0,0,0,0,0,41,3,0,0,0,0,12,0,0,0,0,0,0,0,0,0,0,0,0,0,3,19,0,0,0,18,0,0,0,0,0,0,0,0,0,0,6,0,0,0
Longreach,34710,0,6045,0,0,0,0,0,7,0,0,106,6,0,9,0,0,28,0,0,0,7,0,0,0,0,0,0,0,0,3,15,145,3,0,6,28,0,0,0,6,0,6,0,0,0,0,0,0,0,4
Mackay,34770,0,183226,108,4,13,317,19,468,46,10,4453,327,89,614,12,44,1173,152,33,3,338,321,62,80,3,216,610,41,23,97,473,5756,101,103,376,3191,82,602,43,2203,52,200,71,373,0,3,429,124,153,744
McKinlay,34800,0,1335,0,0,0,0,0,0,0,0,30,0,0,0,0,0,6,0,0,0,4,0,0,0,0,0,0,0,0,0,0,24,0,0,0,0,0,0,0,0,0,0,0,0,0,0,0,0,0,0
Mapoon,34830,0,611,0,0,0,0,0,0,0,0,0,0,0,0,0,0,0,0,0,0,0,0,0,0,0,0,0,0,0,0,0,0,0,0,0,0,0,0,0,0,0,0,0,0,0,0,0,0,0,0
Maranoa,34860,0,20786,15,0,0,23,7,32,0,0,250,9,3,16,0,7,176,8,0,0,30,0,0,10,0,12,0,11,0,24,21,294,4,0,20,369,0,15,7,81,0,8,14,6,0,0,14,0,7,19
Mareeba,34880,0,31096,0,0,6,71,0,41,93,0,1234,18,104,383,28,11,141,67,8,0,63,1117,120,69,0,55,12,16,10,20,155,842,31,6,294,232,18,124,13,176,62,6,157,68,0,16,177,27,17,69
Moreton Bay,35010,213,632145,165,226,178,1575,285,2218,386,319,41956,2768,802,3451,263,724,4627,747,407,304,2061,1496,855,1255,116,1355,432,333,323,321,2871,42690,957,231,2922,7093,768,4764,726,9361,291,1058,1292,1215,74,104,2476,815,1404,1722
Mornington,35250,0,2130,0,0,0,0,0,0,0,0,3,0,0,0,0,0,9,0,0,0,0,0,0,0,0,0,0,0,0,0,3,7,0,0,0,11,0,0,0,0,0,0,0,0,0,0,0,0,0,0
Mount Isa,35300,0,26632,0,0,0,53,6,60,11,6,498,185,21,106,3,6,311,40,0,0,72,53,10,0,0,23,0,17,10,18,18,1806,18,31,167,877,19,69,6,305,7,69,7,52,0,7,67,15,28,118
Murweh,35600,0,7298,0,0,9,0,0,4,0,0,66,0,0,0,0,0,6,0,0,0,0,0,0,0,0,6,0,0,0,0,0,98,0,0,6,42,0,3,0,6,0,0,0,6,0,0,12,214,0,7
Napranum,35670,0,1845,0,0,0,0,0,0,0,0,0,0,0,0,0,0,0,0,0,0,0,0,0,0,0,0,0,0,0,0,0,0,0,0,0,3,0,0,0,0,0,0,0,0,0,0,0,0,0,0
Noosa,35740,0,74762,8,0,12,347,41,128,34,43,7991,89,243,976,47,65,308,125,0,0,241,231,127,60,6,113,62,25,9,15,603,4449,87,0,227,369,81,695,80,947,55,56,59,167,15,19,620,82,205,230
North Burnett,35760,0,16338,0,0,0,9,12,0,0,0,350,0,35,63,0,0,7,0,0,0,18,36,26,150,0,0,0,0,0,58,67,321,0,12,45,192,0,32,0,35,0,12,70,6,0,0,17,0,3,6
Northern Peninsula Area,35780,0,5278,0,0,0,0,0,0,0,0,12,9,0,6,0,0,0,0,0,0,0,0,0,3,0,0,0,0,0,0,0,45,0,0,29,9,0,0,0,0,0,0,0,0,0,0,0,0,0,0
Palm Island,35790,0,4712,0,0,0,0,0,0,0,0,15,9,0,0,0,0,0,0,0,0,0,0,0,0,0,0,0,0,0,0,0,9,0,0,9,0,0,0,0,0,0,0,0,0,0,0,0,0,0,0
Paroo,35800,0,2847,0,0,0,0,0,0,0,0,28,0,0,6,0,0,3,0,0,0,0,0,0,0,0,0,0,0,0,0,0,30,0,0,0,0,0,0,0,6,0,0,0,0,0,0,4,0,0,0
Pormpuraaw,36070,0,1426,0,0,0,0,0,0,0,0,6,0,0,0,0,0,0,0,0,0,0,0,0,0,0,0,0,0,0,0,0,12,0,0,13,8,0,0,0,0,0,0,0,0,0,0,0,0,0,0
Quilpie,36150,0,1424,0,0,0,0,0,0,0,0,19,0,0,0,0,0,0,0,0,0,0,0,0,0,0,0,0,0,0,0,0,25,0,0,0,0,0,0,0,0,0,0,0,0,0,0,0,0,0,0
Redland,36250,88,213205,12,108,43,624,95,933,301,130,19670,590,331,1470,192,261,1359,334,140,34,861,589,251,198,60,480,199,82,62,62,1276,15777,354,78,812,1607,383,2508,256,4857,119,353,333,391,39,61,990,294,545,589
Richmond,36300,0,1330,0,0,0,0,0,0,0,0,11,6,0,0,0,0,0,0,0,0,0,0,0,0,0,0,0,0,0,0,0,23,0,0,3,0,0,0,0,0,0,0,0,0,0,0,0,0,0,0
Rockhampton,36370,339,131916,206,3,0,125,0,342,7,30,2101,212,32,297,21,71,932,76,66,11,113,36,41,138,6,170,6,0,233,232,213,2331,26,104,258,1635,16,341,73,671,7,516,53,168,0,13,265,690,74,266
Scenic Rim,36510,0,61619,0,11,0,160,4,66,10,14,3736,50,60,450,0,18,139,51,16,0,107,43,93,181,18,88,23,0,0,0,385,2836,58,7,137,205,64,341,33,315,21,25,10,66,5,0,271,23,110,106
Somerset,36580,0,38613,35,0,3,51,0,48,11,0,1637,9,29,243,0,0,30,15,0,0,45,22,29,72,0,35,23,3,0,0,193,1233,46,0,66,755,24,184,15,138,6,7,55,42,0,0,94,121,28,35
South Burnett,36630,0,52987,6,0,3,53,0,68,6,12,1720,40,43,275,3,6,69,25,0,0,52,20,12,13,3,33,31,3,7,23,204,1256,24,3,86,522,39,201,18,154,9,43,0,31,3,0,136,18,34,36
Southern Downs,36660,6,57797,0,0,0,78,9,107,79,0,1852,66,28,269,11,8,118,7,6,0,65,486,19,160,3,51,17,0,0,25,284,1179,55,16,83,382,46,161,11,219,33,6,141,36,6,0,193,23,31,54
Sunshine Coast,36720,47,436230,67,70,65,2078,170,1032,312,220,35179,605,732,3620,204,395,2592,629,188,27,1429,1031,708,783,80,813,344,201,93,386,2562,26695,764,146,1339,2313,534,3571,433,5739,215,478,380,1026,35,63,2865,358,1164,1336
Tablelands,36820,0,38409,0,0,0,86,0,32,24,0,1710,9,41,410,4,6,86,60,0,0,75,325,60,14,0,52,6,0,3,0,200,1005,26,0,225,243,23,159,16,134,0,21,7,46,0,3,169,6,52,76
Toowoomba,36910,622,260471,236,19,17,505,28,1165,53,107,6355,368,121,811,31,185,2523,161,257,698,397,255,175,412,31,569,72,16,44,527,778,4691,177,379,739,2298,108,806,300,1735,34,625,346,266,6,41,832,217,147,1054
Torres,36950,0,5763,0,0,0,0,0,0,0,0,75,6,0,6,0,0,26,0,0,0,0,0,6,0,0,6,0,0,0,0,0,64,0,0,90,6,0,22,0,3,0,0,0,6,0,0,6,0,0,0
Torres Strait Island,36960,0,8476,0,0,0,0,0,0,0,0,0,0,0,0,0,0,0,0,0,0,0,0,0,0,0,0,0,0,0,0,6,24,0,0,288,0,0,0,0,0,0,0,0,0,0,0,0,0,0,0
Townsville,37010,127,293493,105,33,59,870,75,918,81,130,9739,573,327,1435,197,267,2658,365,154,129,613,861,267,532,14,771,112,77,204,264,734,8572,219,172,1937,3334,177,1335,262,2038,61,534,118,678,12,18,1169,517,287,638
Brisbane,31000,4513,1438320,3114,2832,1058,6872,1928,64216,1934,1616,78655,10432,4375,9100,3604,13868,55352,6722,8076,2408,8906,9514,8045,20382,1231,16880,700,587,1423,4229,3945,61401,1793,3721,6771,15394,2598,8419,5454,17779,1378,8246,14349,4237,676,909,8893,27805,2602,5191
Burdekin,31900,0,28449,0,0,3,12,0,12,3,0,399,22,50,77,38,20,55,0,3,0,40,682,88,99,0,0,0,0,0,3,61,467,11,4,68,228,0,48,4,45,0,0,28,49,0,0,19,15,3,11
Boulia,30900,0,653,0,0,0,0,0,0,0,0,3,0,0,0,0,0,0,0,0,0,0,0,0,0,0,0,0,0,0,7,7,497,6,3,2323,1981,169,703,128,833,70,224,320,661,0,40,630,268,184,208
Bulloo,31750,0,597,0,0,0,0,0,0,0,0,3,0,0,0,0,0,0,0,0,0,4,0,0,0,0,0,0,0,0,0,0,96,0,0,20,46,0,4,0,0,0,0,0,3,0,0,8,0,0,0
Bundaberg,31820,0,148945,44,3,19,266,0,241,81,42,6205,196,148,820,19,161,574,127,33,30,253,615,172,338,0,194,154,24,21,102,589,2777,95,37,56,97,9,190,15,189,22,41,98,30,0,24,96,109,80,81
Burke,31950,0,470,0,0,0,0,0,0,0,0,7,0,0,0,0,0,0,0,0,0,0,0,0,0,0,0,0,0,6,3,74,373,13,0,217,711,40,433,46,448,33,75,471,120,0,56,236,117,81,91
Cairns,32080,15,216022,77,72,92,1027,90,1569,222,110,12326,506,592,2042,115,448,2752,602,130,35,694,1292,3327,1794,42,603,149,172,767,538,1311,18988,339,526,1628,2572,262,1133,223,1386,225,343,668,885,59,99,594,289,215,215
Carpentaria,32250,0,3185,0,0,0,0,0,0,0,0,49,0,0,13,0,3,3,3,0,0,7,0,0,0,0,0,0,0,0,0,15,22,0,0,0,26,0,0,0,0,0,0,0,0,0,0,0,0,0,0
Cassowary Coast,32260,0,43217,3,3,15,60,6,64,32,0,1316,67,51,198,43,14,1179,41,0,0,90,633,144,86,0,46,101,0,0,10,112,815,13,15,158,391,6,114,12,84,15,3,39,99,0,0,69,10,21,34
Central Highlands,32270,6,42486,11,0,0,76,0,94,9,0,704,58,25,105,6,23,245,39,0,0,87,15,4,60,0,19,0,192,477,1302,1311,21541,569,896,2679,7573,1056,2715,2046,6295,447,2752,5762,2286,251,209,3073,7,20,164
Charters Towers,32310,0,19780,0,0,0,18,0,0,0,0,278,3,0,33,0,0,24,3,8,0,0,4,9,8,0,14,0,0,0,9,6,241,0,3,60,78,3,37,0,19,0,6,0,3,0,0,32,15,0,0
Croydon,32600,0,397,0,0,0,0,0,0,0,0,14,0,0,0,0,0,0,0,0,0,0,0,0,0,0,0,0,0,3,33,153,954,34,10,77,475,15,179,10,193,9,33,164,74,0,18,80,0,0,0
Etheridge,33100,0,1283,0,0,0,0,0,0,0,0,20,0,0,0,0,0,0,0,3,0,0,0,0,0,0,0,0,0,0,0,6,87,3,0,43,99,5,12,0,27,0,3,9,31,0,0,9,3,3,3
Flinders,33200,0,2585,0,0,0,0,0,0,0,0,12,0,0,6,0,0,6,0,0,0,0,0,0,0,0,0,6,0,0,0,0,47,0,0,37,436,8,37,7,168,6,19,0,15,0,3,32,7,8,39
Cherbourg,32330,0,2500,0,0,0,0,0,0,0,0,0,0,0,0,0,0,0,0,0,0,0,0,0,0,0,0,0,48,42,191,242,2423,56,30,1380,1335,89,350,76,366,37,108,189,411,0,18,326,0,0,0
Cloncurry,32450,0,4591,0,0,0,0,0,14,0,0,72,0,0,12,0,0,26,0,0,0,14,0,0,0,0,0,0,0,0,0,3,132,0,3,14,35,0,3,0,4,0,18,0,0,0,0,3,0,0,6
Cook,32500,0,5942,0,0,0,0,0,0,0,0,256,0,26,55,0,0,10,0,0,0,0,17,49,10,0,3,0,0,3,0,23,168,0,0,40,46,0,15,0,32,0,9,9,3,0,0,26,0,0,0
Weipa,37300,0,6134,0,0,3,23,0,0,0,0,122,31,0,4,0,0,16,0,0,0,6,7,0,0,0,12,0,0,0,0,6,196,0,0,90,362,20,126,13,191,6,35,178,107,0,7,102,63,39,57
Western Downs,37310,12,54049,4,0,6,45,12,36,12,0,747,80,6,131,10,14,263,17,14,0,108,6,0,28,6,25,3,0,9,3,75,714,17,8,28,210,0,50,6,90,6,15,3,3,0,3,20,10,16,47
Whitsunday,37340,10,47730,3,0,3,171,10,128,9,3,2145,58,138,327,15,67,195,78,0,0,109,151,177,327,3,115,30,23,16,65,326,3307,50,21,114,591,38,328,33,291,20,55,74,116,0,4,160,49,42,50
Clare and Gilbert Valleys,41140,0,14971,0,0,3,24,0,0,0,0,874,0,0,46,0,0,50,9,0,0,16,26,8,0,0,9,0,0,0,0,57,101,3,0,12,37,3,13,0,13,0,0,0,17,0,0,6,0,3,7
Fraser Coast,33220,0,157739,3,12,12,301,12,243,79,72,9520,215,152,1302,27,80,473,170,31,0,299,281,64,39,9,226,183,40,25,61,718,4492,117,67,209,911,84,793,43,675,61,127,37,145,6,6,360,95,246,153
Gladstone,33360,0,95505,98,12,133,121,20,267,52,95,2926,205,70,338,47,9,951,128,80,46,199,109,24,73,7,171,17,18,0,27,213,4121,45,36,181,1481,61,408,63,1164,42,118,115,204,0,11,309,53,75,233
Gold Coast,33430,413,710021,587,1561,314,3669,781,13917,1727,1253,57427,1848,1746,5721,1096,2892,8309,1902,1670,554,2784,3358,8452,6319,551,3342,1014,524,136,880,2795,66899,914,678,1566,5726,1395,4931,1271,10533,906,1007,2065,2055,335,609,3861,1669,1921,1742
Diamantina,32750,0,450,0,0,0,0,0,0,0,0,0,0,0,0,0,0,0,0,0,0,0,0,0,0,0,0,0,180,58,252,897,22557,296,161,589,2995,564,1671,499,3533,292,321,920,1110,114,163,1266,0,0,7
Doomadgee,32770,0,2710,0,0,0,0,0,0,0,0,3,12,0,0,0,0,11,0,0,0,0,0,0,0,0,0,0,0,0,0,0,69,3,0,78,279,16,175,23,203,13,32,30,49,0,3,150,34,31,42
Douglas,32810,0,15214,0,7,0,77,10,42,6,12,1253,9,116,262,6,31,60,8,0,0,77,117,40,81,0,37,0,6,0,3,169,1208,44,0,50,221,16,120,11,105,8,16,9,58,0,0,91,11,20,6
Goondiwindi,33610,0,17615,0,0,0,21,0,19,0,7,180,3,6,24,0,16,49,0,0,0,21,17,0,10,0,0,0,0,0,7,20,203,3,0,17,76,0,9,0,29,0,10,6,10,0,0,16,0,0,8
Gympie,33620,0,79355,6,0,6,137,0,55,34,22,3448,51,81,491,6,4,133,65,6,9,61,92,33,30,0,95,30,14,0,0,278,1672,39,3,60,72,20,171,16,153,11,22,17,70,0,0,160,47,59,55
Hinchinbrook,33800,0,17766,3,0,0,28,0,0,4,0,307,38,20,69,0,6,39,6,0,0,3,703,0,6,0,6,26,29,17,35,340,5646,104,61,271,1233,105,416,87,482,27,141,78,208,0,13,262,0,0,6
Hope Vale,33830,0,1748,0,0,0,0,0,0,0,0,0,0,0,0,0,0,0,0,0,0,0,0,0,0,0,0,0,0,0,0,4,330,0,0,34,169,0,12,0,79,0,3,0,35,0,0,18,0,0,0
Ipswich,33960,397,282474,169,142,57,421,375,1222,195,135,12042,1491,170,1224,78,286,3721,410,386,77,569,229,254,391,43,926,167,72,50,87,965,16338,271,194,572,2391,267,1143,249,1465,103,497,143,317,18,50,733,2294,395,557
Isaac,33980,0,31211,0,0,0,33,3,43,0,0,427,12,12,50,0,12,178,65,6,0,35,0,6,11,0,10,3,0,0,8,56,1501,12,14,113,477,8,112,4,367,0,36,4,90,0,0,108,13,9,55
Kowanyama,34420,0,1843,0,0,0,0,0,0,0,0,6,0,0,0,0,0,0,0,0,0,0,0,0,0,0,0,0,0,0,0,0,0,0,0,3,0,0,0,0,0,0,0,0,0,0,0,0,0,0,0
Livingstone,34530,0,58811,0,0,0,103,17,41,16,3,2016,41,51,254,6,7,102,24,10,0,127,59,54,0,14,31,20,0,9,0,145,1380,18,4,80,185,24,190,16,311,17,12,7,88,0,0,142,22,86,45
Lockhart River,34570,0,1354,0,0,0,0,0,0,0,0,0,0,0,0,0,0,0,0,0,0,0,0,0,0,0,0,0,0,0,0,0,0,0,0,0,0,0,0,0,0,0,0,0,0,0,0,0,0,0,0
Lockyer Valley,34580,106,60364,86,3,21,104,34,193,4,8,2130,46,73,299,6,123,366,122,20,44,135,81,142,278,0,102,23,0,82,7,230,1347,22,18,181,246,26,202,59,180,28,32,471,62,0,21,166,118,83,115
Logan,34590,5143,399304,290,1180,1744,699,274,3600,999,357,23214,3579,382,2413,308,1080,5491,982,1088,1181,1157,734,622,1903,487,1788,311,163,1922,78,1525,35161,400,1414,1850,3778,551,2201,488,2941,584,839,1394,1503,139,267,964,2031,542,1104
Woorabinda,37550,0,1841,0,0,0,0,0,0,0,0,0,0,0,0,0,0,0,0,0,0,0,0,0,0,0,0,0,0,0,0,0,10,0,0,0,4,0,0,0,0,0,0,0,0,0,0,0,0,0,0
Winton,37400,0,1885,0,0,0,0,0,0,0,0,15,0,0,3,0,0,0,0,0,0,3,0,0,0,0,0,0,0,0,0,0,3,0,0,0,0,0,0,0,0,0,0,0,0,0,0,0,0,0,0
Wujal Wujal,37570,0,540,0,0,0,0,0,0,0,0,8,0,0,0,0,0,0,0,0,0,0,0,0,0,0,0,0,0,0,0,18,26,0,0,3,57,0,33,3,14,10,0,7,3,0,0,3,0,3,0
Yarrabah,37600,0,5067,0,0,0,0,0,0,0,0,0,0,0,0,0,0,0,0,0,0,0,0,0,0,0,0,0,0,0,15,52,202,20,42,17,118,54,112,139,130,32,195,86,60,0,13,127,0,0,0
Adelaide,40070,75,20080,81,32,33,153,27,5738,43,35,1740,31,120,200,180,902,926,155,267,24,98,327,196,625,19,1474,10,16,48,28,62,355,33,89,6,52,13,59,139,45,9,40,47,38,0,0,69,196,19,20
Adelaide Hills,40120,0,60444,0,11,4,154,12,206,24,13,5967,19,68,733,63,65,101,36,73,7,157,384,62,23,13,147,37,6,6,25,430,653,75,55,44,374,185,335,401,343,45,328,150,140,0,24,336,272,119,57
Alexandrina,40220,0,39632,3,0,3,53,0,49,16,0,4841,3,31,353,25,0,94,23,6,0,105,112,22,8,10,61,27,3,0,0,318,349,43,0,27,101,93,333,47,259,26,19,6,44,0,3,218,78,140,52
Ceduna,41010,0,5557,0,0,0,0,0,0,0,0,109,7,0,11,28,0,30,0,0,0,0,6,0,10,0,3,0,6,9,51,150,435,54,150,30,661,385,522,92,260,224,94,61,185,72,25,189,6,64,10
Charles Sturt,41060,851,149553,188,1028,583,336,101,2804,1186,394,8226,88,223,1507,3505,298,5377,221,578,292,516,6772,177,255,181,846,370,14,19,170,457,1147,159,505,28,387,237,329,40,181,193,117,42,72,63,27,126,2295,123,50
Anangu Pitjantjatjara,40250,0,4151,0,0,0,0,0,0,6,0,10,0,0,6,0,0,0,0,0,0,0,0,0,0,0,0,0,0,0,0,0,52,0,0,42,895,582,639,130,380,402,187,101,242,138,61,248,2294,134,51
Barossa,40310,0,38841,0,0,0,43,6,36,8,0,2862,9,39,335,6,3,39,0,0,0,57,79,8,15,3,31,19,0,0,13,111,272,30,0,8,4,5,74,3,34,6,3,3,0,0,0,37,3,20,9
Barunga West,40430,0,4247,0,0,0,0,0,0,0,0,214,0,6,26,0,0,0,0,0,0,0,0,0,0,0,0,3,0,0,0,48,60,3,0,3,22,0,48,0,13,0,0,0,3,0,0,0,0,3,0
Berri and Barmera,40520,0,16902,11,6,0,8,0,23,69,0,648,0,17,83,339,0,235,3,0,0,15,107,3,16,20,6,0,0,22,6,75,189,10,18,20,147,40,225,151,127,17,40,64,82,0,0,142,6,23,12
Burnside,40700,40,57293,119,48,56,222,48,4307,79,172,4326,58,147,604,411,685,1884,239,581,27,159,1330,250,732,156,1612,53,4,14,37,241,798,89,166,21,119,94,256,156,228,16,193,80,53,0,22,213,254,54,60
Campbelltown,40910,150,62114,154,69,63,136,11,4008,178,217,3484,54,79,622,686,646,3240,202,677,106,177,6867,130,1009,346,1635,96,9,29,77,357,534,71,159,19,241,93,260,100,175,38,244,53,38,0,14,121,213,58,52
Cleve,41190,0,3129,0,0,0,0,0,0,0,0,55,0,0,0,0,0,0,0,0,0,0,8,0,0,0,0,0,0,0,0,0,18,0,0,25,183,114,227,263,251,34,369,160,93,0,27,241,257,51,57
Coober Pedy,41330,0,2009,11,7,0,0,0,0,52,0,65,0,0,68,117,6,39,0,0,0,10,14,0,0,0,0,0,0,0,0,57,100,13,20,43,351,193,295,176,255,66,516,83,73,0,29,180,212,56,52
Copper Coast,41560,0,23078,5,0,0,9,0,26,15,0,1312,0,0,92,18,0,80,0,0,0,18,68,0,6,0,12,17,0,0,0,100,133,13,3,0,40,10,39,0,22,19,64,0,0,0,0,6,3,10,0
Elliston,41750,0,1819,0,0,0,0,0,0,0,0,34,0,0,13,0,0,0,0,0,0,0,0,0,0,0,0,0,0,0,0,0,14,0,0,0,32,10,65,3,41,3,3,0,3,0,0,6,3,11,0
Franklin Harbour,41960,0,2175,0,0,0,0,0,0,0,0,56,0,0,4,0,0,0,0,0,0,0,0,0,0,0,0,0,0,0,0,0,9,0,0,0,0,0,0,0,0,0,0,0,0,0,0,0,0,0,0
Gawler,42030,0,35152,0,0,0,34,6,34,16,9,4581,0,23,246,68,6,78,29,9,6,98,267,12,18,10,75,33,3,0,4,142,253,81,3,3,34,20,88,3,39,7,4,7,7,0,0,25,22,51,11
Goyder,42110,0,6738,0,0,0,0,0,0,0,0,435,0,0,30,0,0,0,0,0,0,0,6,0,0,0,0,0,0,0,3,83,146,45,0,6,180,71,324,16,96,14,21,13,25,0,0,115,25,57,24
Grant,42250,6,14073,0,0,0,0,0,3,0,0,317,6,3,42,6,0,3,0,0,0,0,50,0,0,0,6,0,0,0,0,69,181,6,0,0,29,3,33,0,13,3,3,0,0,0,0,11,3,6,3
Flinders Ranges,41830,0,2786,0,0,0,0,0,0,0,0,107,0,3,14,0,0,0,0,0,0,0,0,0,0,0,0,0,0,0,3,35,39,0,0,0,34,10,35,0,31,0,0,0,0,0,0,11,3,3,3
Holdfast Bay,42600,32,50471,14,79,12,222,12,514,72,97,5572,18,90,537,144,121,737,86,256,16,351,403,98,151,32,162,42,0,0,42,194,570,110,28,32,186,131,633,75,336,41,46,12,83,0,14,294,78,193,38
Kangaroo Island,42750,0,7162,0,0,0,12,0,4,3,0,510,0,6,67,6,0,0,8,0,0,3,16,0,0,0,0,0,0,0,0,38,116,0,0,3,25,0,41,0,20,0,0,0,3,0,0,40,14,0,6
Karoonda East Murray,43080,0,1862,0,0,0,0,0,0,0,0,51,0,0,0,0,0,0,0,0,0,0,0,0,0,0,0,0,0,0,0,15,23,0,0,0,15,0,0,0,4,0,0,0,0,0,0,3,0,3,0
Kingston,43360,0,4020,0,0,0,0,0,0,0,0,104,0,0,3,0,0,0,0,0,0,0,0,0,0,0,0,0,0,0,0,31,55,3,0,0,30,3,11,0,18,0,3,3,3,0,0,9,0,0,3
Light,43650,0,24378,0,0,0,41,0,6,0,6,1952,0,11,109,6,0,6,0,0,0,32,49,0,0,0,29,16,0,0,0,97,148,27,0,3,32,3,100,0,18,0,0,0,3,3,0,15,7,15,10
Lower Eyre Peninsula,43710,0,9414,0,0,0,0,0,6,0,0,267,3,3,25,0,0,3,0,0,0,6,0,0,0,0,6,0,3,99,0,120,176,3,6,8,133,14,168,3,81,0,11,0,100,0,0,54,13,25,13
Loxton Waikerie,43790,76,19407,3,0,0,8,0,12,3,0,551,16,0,97,94,10,145,8,0,0,12,67,12,9,0,30,0,0,0,0,42,91,7,0,0,24,0,36,0,31,0,3,0,3,0,0,14,6,13,0
Mallala,43920,0,13926,0,7,27,0,0,4,0,0,1144,0,0,45,52,0,3,0,9,0,25,128,11,0,3,0,6,0,4,0,98,184,3,10,3,268,12,98,0,51,0,21,83,14,0,12,30,47,20,7
Mount Barker,44550,0,53453,0,3,9,127,0,70,30,9,4215,6,58,505,23,9,238,34,11,0,114,119,77,53,6,139,23,3,7,15,301,449,47,3,14,252,29,436,9,181,10,25,3,18,0,0,80,54,79,28
Kimba,43220,0,1888,0,0,0,0,0,0,0,0,7,0,0,0,0,0,17,0,0,0,0,0,0,0,0,0,0,0,0,3,29,209,9,0,28,174,30,212,28,257,6,31,30,63,0,0,155,7,64,20
Maralinga Tjarutja,44000,0,98,0,0,0,0,0,0,0,0,0,0,0,0,0,0,0,0,0,0,0,0,0,0,0,0,0,13,30,19,26,197,15,9,11,230,54,174,32,139,24,25,14,163,6,0,68,12,20,15
Marion,44060,574,120492,291,305,265,317,67,4374,271,367,11685,200,148,1064,775,543,3743,287,1028,130,581,957,279,413,192,1003,118,22,45,601,643,1235,247,307,28,436,256,652,132,425,67,127,31,75,3,20,192,362,201,90
Mid Murray,44210,0,13878,0,0,0,3,0,6,0,0,833,21,0,141,6,0,32,0,0,0,7,26,0,3,0,18,0,0,0,0,88,91,0,0,0,3,0,21,0,17,6,0,3,0,0,0,5,8,8,3
Mitcham,44340,23,95090,187,75,66,354,51,2562,93,77,7699,81,158,886,991,318,1352,631,375,67,269,753,194,414,263,782,73,11,15,220,428,825,87,274,100,973,510,1087,286,783,142,331,92,168,18,21,383,626,300,160
Mount Gambier,44620,13,43562,3,0,12,27,0,79,38,11,1371,10,19,233,54,17,180,20,6,3,16,297,9,4,0,29,6,5,296,0,251,380,16,31,9,94,10,149,9,56,9,9,12,70,0,0,40,24,15,21
Mount Remarkable,44830,0,4838,0,0,0,0,0,14,0,0,161,0,0,27,0,3,6,0,0,0,0,6,0,0,0,0,0,0,0,0,18,27,0,0,86,258,167,390,182,386,52,201,39,83,3,10,300,275,96,60
Murray Bridge,45040,117,32532,67,0,43,9,0,624,31,7,1155,17,6,147,10,42,255,9,16,10,13,254,0,26,11,45,4,3,25,203,376,693,92,110,40,1112,250,538,111,365,65,154,344,130,10,41,182,262,45,54
Orroroo/Carrieton,45400,0,1474,0,0,0,0,0,0,0,0,85,0,0,21,0,0,0,0,0,0,0,0,0,0,0,0,0,0,0,0,35,25,0,0,3,163,0,55,0,13,4,0,32,29,0,0,16,28,0,3
Naracoorte and Lucindale,45090,869,13309,0,0,0,7,0,65,0,0,361,0,0,48,3,12,15,0,0,0,13,15,0,47,0,0,0,3,3,72,169,519,53,168,41,248,83,191,111,199,36,118,36,66,0,6,151,20,3,3
Northern Areas,45120,0,7773,0,0,0,3,0,3,0,0,276,0,3,29,0,0,3,0,0,0,3,0,0,0,0,0,0,0,3,6,121,178,10,3,34,297,109,271,93,257,36,172,52,95,0,39,239,206,58,33
Norwood Payneham St Peters,45290,173,45773,95,23,25,188,35,2831,99,50,2870,25,88,412,578,353,1817,86,384,65,166,3041,157,503,65,780,43,4,10,222,175,516,49,156,120,1081,630,2085,160,1037,166,227,46,205,19,51,542,333,603,175
Onkaparinga,45340,39,243871,42,111,29,409,161,1442,363,210,34193,230,239,2420,453,170,1699,295,537,97,800,952,159,263,330,504,207,30,26,35,1518,2438,454,391,54,315,256,964,66,491,65,63,7,36,4,15,223,140,553,135
Peterborough,45540,0,2702,0,0,0,0,0,0,0,0,163,0,0,31,0,0,12,0,0,0,3,4,0,0,0,0,0,0,0,0,26,94,0,4,0,66,0,23,0,3,0,0,15,12,0,6,4,0,0,0
Playford,45680,2682,127201,130,76,561,89,104,290,180,40,13834,135,45,794,306,34,873,174,192,124,325,797,42,34,92,216,139,3,202,384,515,937,225,232,43,811,160,1333,74,326,96,196,33,166,13,48,243,1101,292,269
Port Adelaide Enfield,45890,6931,147399,715,850,1073,267,146,5906,741,204,9107,222,170,1462,1698,834,11476,301,1248,599,426,2716,229,785,283,1744,304,32,369,511,476,1506,180,1015,115,2494,944,1110,361,602,377,753,361,460,70,121,478,9191,280,255
Port Augusta,46090,27,23119,31,0,0,0,0,20,19,0,567,23,3,102,0,3,181,0,6,0,8,89,6,3,0,10,0,7,3,17,577,878,201,135,60,721,334,1081,71,524,87,82,15,130,0,8,213,31,6,11
Port Lincoln,46300,0,23427,0,0,0,26,0,9,115,0,718,0,11,121,25,3,60,7,0,0,16,47,6,17,0,15,3,0,3,0,83,164,15,0,3,113,6,71,0,37,6,4,6,14,4,0,22,6,6,0
Port Pirie City and Dists,46450,0,29697,6,0,0,12,0,11,0,0,831,6,18,84,69,0,51,6,6,0,22,217,0,0,0,24,6,0,27,6,214,450,24,40,3,456,26,225,15,288,9,22,10,65,0,0,87,34,6,24
Prospect,46510,459,28090,143,16,29,81,6,757,93,12,1599,17,48,190,674,122,1905,9,127,59,67,831,45,68,30,301,55,99,209,105,329,1578,91,207,71,874,137,541,362,737,40,357,60,267,3,13,213,612,37,19
Renmark Paringa,46670,287,14740,0,0,6,0,0,23,30,0,422,0,8,101,298,22,377,0,0,0,4,149,6,10,0,10,0,0,0,4,45,347,7,17,8,76,0,62,7,30,0,21,77,47,0,48,28,92,3,0
Robe,46860,0,2269,0,0,0,0,0,0,0,0,82,0,0,0,0,0,0,0,0,0,3,0,0,0,0,0,0,0,0,0,3,20,0,0,0,0,0,12,0,0,0,0,0,0,0,0,6,0,4,0
Roxby Downs,46970,0,5994,3,0,0,0,13,0,0,0,171,3,0,3,0,0,41,15,9,0,0,6,0,0,0,6,0,0,0,0,15,157,0,6,0,76,0,24,3,57,0,34,0,6,0,0,8,0,0,63
Salisbury,47140,7990,174993,614,670,2939,181,343,2972,949,293,15818,540,127,1474,979,598,7215,388,1080,779,458,2469,145,388,451,987,445,22,1213,1026,796,1590,404,983,82,3477,1125,1859,181,576,411,520,211,779,118,110,416,7078,454,220
Southern Mallee,47290,28,3236,0,0,0,0,0,0,8,0,77,0,0,0,0,0,0,0,0,0,12,0,0,0,0,0,0,3,121,147,147,416,52,223,26,1025,361,392,100,241,126,190,162,215,16,18,100,0,0,0
Streaky Bay,47490,0,3620,3,0,0,6,0,0,0,0,90,0,3,0,0,0,4,0,0,0,0,0,0,0,0,0,0,0,0,3,16,60,9,9,3,35,0,13,0,6,0,0,8,0,0,0,0,0,0,3
Tatiara,47630,335,10628,0,0,3,0,0,40,0,3,209,8,10,24,0,8,20,10,5,0,9,14,0,9,0,13,0,3,3,30,46,174,0,38,3,211,32,72,15,54,19,59,23,28,0,3,35,13,0,20
Tea Tree Gully,47700,301,141017,180,83,94,210,121,2059,249,94,17308,115,78,1640,429,250,2940,202,583,202,475,2283,131,521,262,721,200,29,8,180,721,912,283,139,70,716,616,1390,147,746,155,493,95,123,26,63,370,322,515,163
The Coorong,47800,0,8998,0,0,0,0,0,6,0,0,324,0,0,80,0,0,10,0,0,0,6,6,0,0,3,0,0,0,0,0,38,72,0,0,0,39,0,41,0,0,0,0,0,0,0,0,7,0,0,3
Tumby Bay,47910,0,4574,0,0,0,0,0,0,0,0,128,0,0,13,0,0,0,0,0,0,0,6,0,0,0,0,0,0,0,0,17,56,3,3,3,27,0,10,0,10,0,5,0,6,0,0,3,0,0,0
Wattle Range,48340,0,19643,0,0,6,9,0,10,0,0,694,0,13,89,0,0,15,0,0,0,22,121,4,0,0,13,0,0,353,279,346,559,116,284,40,1412,489,737,199,320,149,268,127,349,34,50,282,147,65,29
West Torrens,48410,499,74223,461,270,287,166,59,3950,220,358,3508,87,152,491,2786,467,5266,320,425,196,212,2297,186,350,139,861,184,10,28,633,177,611,71,469,27,321,101,275,55,125,46,82,33,68,9,7,94,408,98,42
Whyalla,48540,0,32168,53,24,0,13,13,33,94,3,3118,52,37,279,112,8,194,24,6,0,75,138,7,10,0,39,37,0,3,0,164,225,78,4,9,258,19,262,0,100,4,13,8,0,0,0,13,9,64,52
Unley,47980,26,53124,224,23,40,171,19,2418,79,95,3347,43,134,458,1121,306,1339,151,291,19,182,900,189,351,43,657,40,7,4,141,159,490,64,168,21,141,43,187,76,99,18,54,27,18,0,12,120,147,67,32
Victor Harbor,48050,0,21882,0,0,0,29,0,28,24,6,3275,3,19,253,3,9,62,13,0,0,47,94,17,6,0,14,34,7,3,67,408,460,159,29,44,424,220,554,69,295,69,151,26,90,6,10,148,0,56,15
Wakefield,48130,0,11241,19,0,0,0,0,29,0,0,578,0,0,64,0,0,14,0,0,0,14,11,0,0,0,6,3,0,0,0,64,96,0,0,0,90,0,26,0,9,0,0,0,0,0,0,9,7,3,0
Unincorporated SAUnincorporated SAUnincorporated SAUnincorporated SATumby Bay,49399,0,5268,0,0,0,13,0,0,16,0,162,0,0,27,0,0,14,9,0,0,9,0,0,0,0,0,0,0,0,0,12,66,0,0,26,651,205,288,100,142,74,143,79,167,25,32,136,404,55,32
Coolgardie,51960,0,4839,0,0,0,12,4,3,6,7,175,6,0,6,0,0,22,14,0,0,15,10,6,0,0,0,0,3,3,44,58,637,15,35,50,385,83,628,77,270,31,83,36,60,0,8,106,4,58,56
Coorow,52030,0,1666,0,0,0,0,0,0,0,0,83,0,0,3,0,0,0,0,0,0,0,0,0,0,0,0,0,0,0,0,73,103,8,0,5,53,7,108,0,31,6,0,0,8,0,0,26,0,0,4
Albany,50080,6,54401,0,0,0,169,6,132,17,17,5466,13,57,464,12,44,322,80,31,0,117,318,33,12,0,121,10,4,98,13,394,982,66,0,14,324,38,194,44,247,15,53,27,71,0,0,77,105,96,87
Armadale,50210,571,93430,137,29,27,264,112,1156,107,67,14279,43,140,603,6,193,6535,855,201,169,637,600,150,268,58,2056,72,238,634,93,838,4454,181,320,52,641,59,374,321,690,12,265,14,112,3,3,123,104,212,497
Walkerville,48260,71,10089,0,3,12,22,0,464,0,8,800,3,13,99,97,88,304,15,85,0,22,215,16,69,0,173,3,0,0,3,39,139,22,39,14,18,27,98,27,35,4,53,12,30,0,0,25,77,15,3
Wudinna,48640,0,2169,0,0,0,0,0,0,0,0,30,0,0,0,0,0,0,0,0,0,0,0,0,0,0,0,0,0,0,0,35,38,0,0,0,61,4,89,0,13,3,3,3,9,0,0,25,3,6,3
Yankalilla,48750,0,7748,0,0,0,6,0,0,0,0,1008,0,6,67,18,0,31,0,0,0,15,6,0,0,0,3,0,3,6,221,103,272,52,125,19,931,153,443,80,461,52,69,59,189,8,17,207,40,82,92
Yorke Peninsula,48830,0,18588,0,0,0,8,6,0,8,0,1112,0,6,107,0,0,28,17,0,0,15,21,0,0,0,0,10,0,0,0,56,73,15,10,93,1312,100,792,630,1356,19,530,58,339,0,16,262,108,225,498
Ashburton,50250,0,14646,3,15,110,39,8,85,15,12,1011,3,24,74,0,0,238,70,38,6,349,49,11,76,0,111,0,6,16,0,66,1962,51,13,58,506,7,193,31,265,14,41,4,44,11,6,144,17,39,120
Augusta-Margaret River,50280,7,19777,0,0,0,95,13,31,6,3,2144,0,84,205,0,35,60,39,0,14,117,112,53,90,0,37,0,3,0,0,74,678,30,0,20,136,7,174,15,210,3,0,75,52,0,0,118,18,52,58
Bassendean,50350,41,19605,17,63,12,63,9,255,101,12,2085,7,70,157,18,62,595,66,16,12,253,318,54,24,0,188,67,47,83,44,88,693,63,58,19,227,71,199,61,137,48,40,21,40,23,7,81,272,53,38
Bayswater,50420,339,70094,232,370,95,279,96,2493,345,123,6755,60,244,662,415,591,5037,601,454,230,1549,2756,350,412,92,1997,103,491,794,342,476,3478,274,622,83,1795,692,1051,850,1254,309,596,465,568,223,100,421,3558,213,365
Belmont,50490,1351,38915,406,65,41,85,56,2165,130,117,3516,51,138,303,57,478,2591,550,285,167,989,713,155,748,136,1371,32,371,538,375,192,2943,146,786,133,2119,295,600,768,571,83,512,339,442,27,130,186,596,86,319
Beverley,50560,0,2423,0,0,0,0,0,0,0,0,247,0,0,13,0,0,3,0,0,0,0,8,0,0,0,3,0,0,0,0,23,75,0,0,0,40,0,0,0,15,0,0,0,0,0,0,3,0,3,28
Boddington,50630,0,2695,0,0,0,0,0,0,0,0,173,0,0,6,0,0,26,51,0,0,0,0,3,0,0,0,0,0,0,0,10,164,0,0,0,16,0,23,0,23,0,0,0,0,0,0,3,0,0,6
Boyup Brook,50770,0,2632,0,0,0,0,0,0,0,0,219,0,0,13,0,0,0,0,0,0,0,3,0,0,0,0,0,0,0,0,12,92,0,0,0,3,0,10,0,10,0,0,0,0,0,0,13,0,0,0
Bridgetown-Greenbushes,50840,0,6412,0,0,0,10,0,3,6,0,1121,0,0,56,0,0,0,0,0,0,13,24,0,0,0,0,0,0,0,0,62,245,9,0,0,44,0,61,6,60,0,0,0,24,6,0,58,0,9,33
Brookton,50910,0,1483,0,0,0,0,0,0,0,0,56,0,3,0,0,0,6,0,0,0,0,0,0,0,0,0,0,0,0,0,7,18,0,0,0,0,0,6,0,12,0,0,0,0,0,0,0,0,0,0
Broome,50980,0,23572,0,6,0,55,6,61,3,8,1140,0,103,202,3,54,139,63,0,0,84,64,53,68,0,63,0,12,0,3,84,749,26,16,21,472,7,134,19,156,0,36,126,160,0,0,60,13,6,56
Bruce Rock,51120,0,1473,0,0,0,0,0,0,0,0,56,0,0,18,0,0,9,0,0,0,8,0,0,0,0,0,0,3,4,3,75,464,35,0,13,107,6,127,25,187,0,20,27,60,0,0,56,0,0,0
Bunbury,51190,0,45468,56,9,6,78,6,194,43,3,3657,6,49,242,26,35,587,100,45,41,353,529,59,257,32,167,9,50,50,58,293,1530,87,55,36,768,125,435,154,669,10,64,88,76,4,9,303,110,115,230
Busselton,51260,223,54461,0,0,0,167,0,41,15,9,5584,25,146,366,0,33,230,139,0,0,301,174,41,59,0,72,15,193,336,178,383,2250,151,267,75,1073,157,698,1065,1071,18,643,367,342,0,101,313,93,100,156
Cambridge,51310,14,35115,24,12,13,229,24,514,76,63,3745,22,208,279,109,160,699,92,121,3,744,498,207,83,14,718,0,28,29,71,232,905,87,28,26,217,113,518,293,1066,19,93,49,58,27,9,502,150,129,217
Canning,51330,984,80623,720,75,165,292,151,9147,151,196,9839,84,190,562,68,1406,11084,3241,767,553,908,1271,411,2175,197,10911,68,571,861,533,455,2953,215,1279,37,778,89,344,880,551,26,715,203,119,6,103,167,547,146,386
Capel,51400,0,24569,12,0,0,36,10,54,0,0,2219,3,15,119,0,14,131,21,12,0,106,62,6,31,20,46,3,12,0,16,76,785,35,44,95,1730,214,749,1920,1456,56,1290,514,385,10,209,341,540,177,563
Carnamah,51470,0,812,0,0,0,0,0,0,0,0,63,0,0,0,0,0,0,0,0,0,8,0,0,0,0,0,0,0,0,0,0,36,0,0,0,170,14,127,21,707,0,15,15,33,0,0,58,11,32,184
Broomehill-Tambellup,51080,0,1743,0,0,0,0,0,0,0,0,85,0,0,0,0,0,0,0,0,0,0,0,0,0,0,0,0,0,0,0,17,54,0,0,0,24,0,30,3,13,0,0,0,0,0,0,4,0,0,0
Carnarvon,51540,0,7238,0,3,0,14,0,6,95,0,325,6,36,33,3,7,48,8,0,0,12,51,26,21,0,10,0,0,0,0,35,173,3,0,4,64,6,35,0,43,0,0,43,3,0,0,33,295,10,13
Chapman Valley,51610,0,2067,0,0,0,0,0,0,0,0,176,0,0,19,0,0,0,0,0,0,6,0,0,0,0,0,0,0,0,0,0,56,6,0,0,3,0,3,0,0,0,0,0,0,0,0,0,0,9,0
Chittering,51680,0,7293,0,0,0,12,0,0,11,0,1365,0,0,38,6,0,16,6,0,0,19,12,0,0,0,18,0,0,0,0,46,222,0,0,3,27,3,94,14,92,0,3,0,6,0,0,21,3,20,29
Corrigin,52100,0,1770,0,0,0,0,0,0,0,0,70,0,0,3,0,0,23,0,0,0,0,0,0,0,0,0,0,10,11,11,71,468,23,7,9,276,33,109,19,171,4,10,36,34,0,0,42,0,0,0
Cue,52380,0,224,0,0,0,0,0,0,0,0,19,0,0,0,0,0,0,0,0,0,0,0,0,0,0,0,0,0,0,0,16,73,0,0,0,7,0,41,6,28,0,0,0,6,0,0,3,0,0,3
Cunderdin,52450,0,2140,0,0,0,0,0,10,0,0,99,0,0,9,0,0,14,0,0,0,8,0,0,0,0,0,0,6,3,0,21,108,9,6,3,94,17,55,56,128,0,16,0,11,0,3,73,0,0,0
Claremont,51750,0,12616,11,13,0,128,28,343,16,0,1701,10,61,97,0,126,185,50,51,0,110,54,158,31,0,188,6,66,64,48,203,1686,110,70,19,1250,184,750,640,1250,117,180,105,230,9,18,341,19,34,95
Cockburn,51820,94,123733,204,663,20,446,234,3247,2058,161,14117,83,394,919,47,516,3593,1168,519,118,1221,3120,345,768,131,2555,60,213,147,129,468,4882,231,207,42,3634,426,1862,1285,2736,338,412,243,345,37,65,600,433,465,856
Collie,51890,0,13856,0,0,0,9,0,15,0,3,632,0,3,89,0,0,39,4,0,8,21,79,9,3,0,14,0,6,3,0,90,801,38,9,3,232,40,116,17,273,3,6,38,25,0,0,56,14,17,24
Cottesloe,52170,0,10356,0,0,0,97,6,40,8,3,1320,0,73,90,0,48,46,18,6,0,168,66,21,6,0,56,0,10,3,6,38,216,18,0,0,14,4,110,40,209,0,7,0,7,0,9,152,9,19,45
Cranbrook,52240,0,1603,0,0,0,0,0,0,0,0,144,0,0,0,0,0,3,0,0,0,0,6,0,0,0,0,0,0,0,0,3,65,0,0,0,23,0,3,0,4,0,0,0,0,0,0,0,0,0,10
Cuballing,52310,0,1251,0,0,0,0,0,0,0,0,103,0,0,3,0,0,0,0,0,0,0,0,0,0,0,0,0,0,3,0,21,90,10,0,0,0,0,54,23,71,0,0,0,3,0,3,55,0,0,0
Dalwallinu,52520,0,2038,0,0,0,0,0,6,0,0,72,0,0,3,0,0,0,0,0,0,14,0,0,0,0,0,0,0,0,0,0,78,0,0,10,86,3,15,3,24,0,6,7,9,0,0,15,0,0,24
Dandaragan,52590,0,4862,0,0,0,6,0,0,0,0,220,0,0,27,0,0,0,6,0,0,3,6,0,0,0,6,0,0,0,0,15,147,7,0,0,16,13,68,3,51,0,4,36,0,0,0,9,9,12,7
Dardanup,52660,9,21437,9,0,0,33,0,21,0,6,1515,0,9,84,8,14,148,6,16,13,77,65,11,61,0,29,0,0,3,0,90,758,0,11,3,29,6,42,9,88,0,3,0,5,0,0,9,0,27,61
Denmark,52730,0,7792,0,0,0,25,0,6,10,0,1250,0,13,104,0,0,33,8,0,0,38,0,7,0,0,18,0,107,147,16,366,2268,226,36,57,536,349,1641,443,2880,49,72,84,267,61,5,326,7,27,29
Derby-West Kimberley,52800,0,12914,0,0,0,15,0,6,0,6,205,12,3,27,0,10,99,6,4,0,18,7,3,6,0,15,0,49,84,5,147,1284,67,27,48,525,41,328,142,369,14,67,21,119,0,8,88,0,0,22
Donnybrook-Balingup,52870,36,8467,0,0,0,3,0,19,0,0,868,3,23,59,0,0,6,3,0,0,23,108,10,6,0,22,0,6,46,125,101,327,6,42,10,220,99,119,14,81,7,31,44,74,0,0,25,10,12,3
Dowerin,52940,0,1151,0,0,0,0,0,0,0,0,50,0,0,0,0,0,0,0,0,0,0,0,0,0,0,0,0,0,3,74,81,295,12,44,38,199,86,196,165,327,0,44,53,110,0,3,221,3,22,76
Gingin,53570,18,6772,0,0,0,7,0,6,0,0,852,0,17,62,0,20,9,0,0,0,50,65,7,15,0,41,6,0,0,0,70,300,9,0,0,74,14,128,9,127,3,3,45,4,3,0,85,32,27,37
Gnowangerup,53640,0,1808,0,0,0,0,0,0,0,0,58,0,0,10,0,0,0,0,0,0,0,0,0,0,0,0,0,0,0,0,6,79,0,0,0,26,0,8,0,7,0,0,0,0,0,0,0,0,0,0
Jerramungup,54130,0,1667,0,0,0,0,0,0,0,0,35,0,0,12,0,0,0,0,0,0,0,0,0,0,0,0,0,0,0,0,6,97,0,0,0,40,0,6,0,10,0,0,0,6,0,0,0,0,0,0
Dumbleyung,53010,0,1054,0,0,0,0,0,0,0,0,24,0,0,0,0,0,0,0,0,0,0,0,0,0,0,0,0,0,0,0,0,50,0,0,3,37,7,79,19,71,0,3,0,17,0,0,66,13,30,20
Dundas,53080,0,947,0,0,0,0,0,0,0,0,64,0,0,16,0,0,12,6,0,0,0,0,0,0,0,0,0,0,0,0,3,123,0,0,41,186,3,69,10,97,3,4,3,65,3,0,14,12,6,69
East Fremantle,53150,0,10251,0,0,0,37,6,6,30,0,1245,0,37,61,0,9,57,9,24,0,134,237,21,21,0,37,0,3,3,0,87,479,15,3,10,125,7,146,19,281,0,14,14,36,0,0,70,19,36,53
East Pilbara,53220,0,12897,15,0,0,9,7,3,7,6,587,26,29,35,0,6,136,50,7,0,100,0,7,27,3,62,0,3,11,0,25,1368,9,0,31,141,6,82,6,105,3,6,0,19,0,0,64,12,14,84
Esperance,53290,0,21404,6,0,0,39,4,15,0,0,1027,0,16,114,0,27,69,23,0,0,80,33,0,15,0,25,0,0,0,3,48,692,3,0,22,190,102,341,90,351,58,37,35,68,8,6,230,30,95,100
Exmouth,53360,0,3984,0,0,0,14,0,0,0,0,282,0,16,60,0,0,0,0,0,0,3,13,0,0,0,10,0,3,0,0,27,139,3,3,0,117,11,70,3,62,3,0,95,3,3,0,40,22,9,24
Fremantle,53430,12,35097,4,80,8,297,122,153,303,34,5112,9,358,414,43,62,274,88,86,20,534,1780,154,72,3,204,11,26,20,31,177,1061,72,27,166,708,73,311,58,706,36,63,16,123,4,13,137,56,145,365
Kalgoorlie/Boulder,54280,67,39519,32,12,6,72,22,364,69,13,1457,203,32,156,12,13,697,119,75,8,269,62,14,50,0,74,0,0,21,20,65,3662,49,50,91,832,29,203,36,576,9,60,37,133,15,4,80,45,57,400
Karratha,54310,15,28587,35,15,6,63,3,294,12,6,1236,43,99,93,0,24,481,132,8,3,237,20,36,38,0,96,4,11,20,38,37,1711,30,53,16,758,17,253,52,691,7,75,38,124,21,0,102,98,68,204
Greater Geraldton,53800,0,59109,36,0,9,87,6,100,17,24,3168,79,44,282,15,10,427,118,7,0,219,286,14,9,0,118,21,13,22,20,163,1097,38,51,7,204,0,100,11,264,3,32,14,15,3,0,26,79,51,123
Halls Creek,53920,0,5375,0,0,0,0,0,8,0,0,39,0,6,19,0,0,34,0,0,0,0,0,6,0,0,0,0,0,0,0,0,66,0,11,10,391,15,146,29,406,3,17,90,22,0,0,53,8,40,134
Harvey,53990,0,38656,0,0,6,37,0,121,3,3,3197,12,25,183,0,7,161,57,19,6,189,352,22,62,0,69,0,8,12,0,159,1581,70,3,8,197,7,99,21,197,0,7,42,14,0,0,19,10,38,145
Irwin,54060,0,5570,0,0,0,0,0,0,0,0,395,0,0,28,0,0,3,0,0,0,27,9,0,0,0,0,0,3,6,0,178,393,13,3,11,71,23,129,19,140,0,13,10,37,0,0,116,0,3,6
Goomalling,53710,0,1622,0,0,0,0,0,0,0,0,76,0,0,3,0,0,0,0,0,0,3,0,0,0,0,0,0,0,0,0,24,105,6,0,169,2943,193,1025,1705,1769,73,1202,401,652,12,138,301,504,202,473
Gosnells,53780,5096,120875,780,142,432,210,251,6541,206,365,14926,188,176,726,43,686,11830,3040,615,871,897,1122,225,936,301,7307,83,613,2318,276,672,6331,235,1412,98,1427,85,535,799,872,24,685,160,270,9,76,156,511,201,474
Joondalup,54170,297,179022,97,173,65,898,143,1838,376,514,45789,101,381,1826,272,524,2582,686,674,67,4616,1580,477,270,115,1847,110,296,356,41,972,6874,631,157,179,909,862,4910,1060,8332,153,244,191,461,197,54,955,689,1763,2626
Kalamunda,54200,930,74524,267,23,18,176,68,579,81,39,10398,53,114,608,24,136,2048,344,43,10,799,853,102,72,56,745,46,178,220,27,426,3377,186,71,77,1047,128,878,383,954,57,175,61,178,0,26,261,115,300,663
Kent,54480,0,869,0,0,0,0,0,0,0,0,19,0,0,0,0,0,0,0,0,0,0,0,0,0,0,0,0,9,3,10,72,348,26,3,9,99,52,142,50,143,32,6,12,42,6,0,111,0,0,3
Katanning,54340,251,5441,0,0,0,0,0,40,0,6,226,0,0,12,0,0,34,21,0,0,0,29,0,6,0,36,0,0,237,0,14,295,0,4,38,1796,56,389,210,587,23,132,105,156,10,8,113,91,84,241
Kellerberrin,54410,0,1908,0,0,0,0,0,0,0,0,96,0,0,4,0,0,8,0,0,0,0,6,0,0,0,3,0,0,0,3,4,53,0,0,0,31,0,3,0,15,0,0,0,0,0,0,3,0,0,3
Kojonup,54550,0,3049,0,0,0,0,0,0,0,3,120,0,0,0,0,0,0,0,0,0,6,6,0,0,0,0,0,0,0,0,26,175,0,3,0,34,3,8,3,4,0,0,3,3,0,0,6,0,0,0
Kondinin,54620,0,1337,8,0,0,6,0,0,0,0,38,0,0,0,0,0,3,6,0,0,0,6,0,0,0,0,0,4,82,141,140,290,23,21,33,391,59,189,59,139,7,64,21,56,0,0,119,52,16,21
Koorda,54690,0,669,0,0,0,0,0,0,0,0,31,0,0,0,0,0,0,0,0,0,0,0,0,0,0,6,0,0,0,0,40,107,0,9,8,75,9,45,14,63,0,12,15,72,0,0,37,0,0,0
Kulin,54760,0,1264,0,0,0,0,0,0,0,0,67,0,0,0,0,0,0,0,0,0,6,6,0,0,0,0,0,0,15,4,9,1135,12,14,87,388,16,66,10,299,3,23,10,90,0,0,24,0,0,6
Kwinana,54830,78,45090,113,57,16,163,135,509,176,20,5755,90,45,287,0,93,2566,249,121,38,294,186,82,211,23,533,21,93,68,65,171,3588,64,166,86,1689,217,1428,1677,2052,91,552,335,352,31,45,562,391,361,660
Lake Grace,54900,0,1991,0,0,0,0,0,9,3,0,84,0,0,0,0,0,3,0,0,0,3,0,0,0,3,0,0,0,0,0,6,60,0,0,0,8,0,0,0,8,0,0,0,0,0,0,0,0,0,0
Melville,55320,64,119175,185,154,16,585,199,3466,417,235,13568,96,366,891,149,1300,3468,2879,1070,231,1290,1780,547,1052,138,6309,59,199,215,73,601,2790,267,152,29,279,80,620,700,837,30,246,125,87,6,19,280,287,276,429
Ngaanyatjarraku,56620,0,2879,0,0,0,0,0,0,0,0,15,0,0,6,0,0,0,0,0,0,0,0,0,0,0,0,0,0,0,0,11,120,3,0,3,26,0,47,3,28,0,0,0,7,0,0,23,0,0,0
Northam,56730,118,15481,74,12,0,15,0,51,6,13,1287,6,0,149,4,0,174,27,92,28,48,36,0,14,6,48,6,7,50,6,78,463,0,20,3,97,3,20,8,38,0,34,0,0,0,0,12,56,6,26
Northampton,56790,0,5010,0,0,0,0,0,0,0,0,357,0,3,12,0,0,6,0,0,0,6,3,0,0,0,7,0,188,809,77,246,1941,86,394,81,1593,98,476,887,902,52,513,237,416,6,61,105,0,0,0
Laverton,54970,0,1417,0,0,0,3,0,0,0,0,76,0,0,3,0,0,0,0,0,0,12,0,0,0,0,0,0,8,10,3,41,516,16,13,4,299,7,116,13,278,3,17,14,78,3,0,35,0,0,6
Subiaco,57980,16,20532,88,36,15,247,39,1727,35,23,3098,10,280,208,15,213,658,317,160,76,401,218,267,200,12,839,0,39,45,34,153,521,45,117,20,119,69,354,464,417,58,121,78,86,6,21,333,199,82,130
Leonora,55040,0,1613,0,0,0,3,0,0,0,0,60,14,0,6,0,0,8,0,0,0,11,0,0,0,0,6,0,0,63,0,6,219,0,0,85,2618,376,1243,642,2048,154,459,89,486,202,28,335,2038,217,866
Mandurah,55110,30,105775,60,23,39,284,53,358,109,68,18329,57,87,663,37,95,1141,327,176,6,900,432,101,175,0,394,49,82,87,56,645,4831,189,89,30,308,39,507,55,631,8,59,12,63,5,0,137,70,390,296
Manjimup,55180,100,13768,0,6,0,24,0,15,0,0,1001,6,22,71,41,9,43,9,0,0,32,177,0,3,0,26,6,0,8,0,60,215,4,0,69,848,93,1047,128,1323,9,129,30,279,18,0,268,73,397,295
Meekatharra,55250,0,1338,0,0,3,0,0,10,0,0,45,0,0,9,0,7,9,0,0,0,4,0,0,0,0,0,0,25,62,425,89,793,27,75,158,1927,35,218,126,210,13,257,298,383,28,7,158,5,10,8
Mukinbudin,55950,0,873,0,0,0,0,0,0,0,0,21,0,0,3,0,0,0,0,0,0,0,3,0,0,0,0,0,0,0,0,0,37,0,0,0,7,0,7,0,3,0,4,0,0,0,0,4,0,0,0
Mingenew,55530,0,728,0,0,0,0,0,0,0,0,25,0,0,0,0,0,0,0,0,0,3,0,0,0,0,0,0,0,0,0,0,12,0,0,0,0,0,0,0,0,0,0,0,0,0,0,0,0,0,0
Menzies,55390,0,699,0,0,0,0,0,0,0,0,20,0,0,0,0,0,0,0,0,0,6,0,0,0,0,0,0,0,0,0,0,84,0,0,0,16,0,6,0,0,0,0,0,0,0,0,0,0,0,0
Merredin,55460,0,5104,0,0,0,0,0,207,0,0,238,0,0,9,0,0,14,0,0,0,12,28,0,0,0,0,0,0,0,0,0,152,0,0,0,28,0,7,0,14,0,0,0,0,0,0,0,0,0,6
Mundaring,56090,65,53555,7,35,0,157,0,234,123,22,7623,47,85,536,20,50,479,63,12,8,323,471,40,16,3,223,3,22,48,3,365,1738,107,22,14,139,26,172,9,201,16,22,9,17,12,3,86,64,117,157
Swan,58050,1968,161145,194,620,345,361,127,1447,823,220,17110,142,192,937,161,465,8376,684,566,1016,1209,1751,293,231,136,2132,169,763,1206,169,512,8125,229,326,73,1408,220,956,336,1357,100,282,33,190,115,15,339,2121,324,1004
Moora,55600,0,3746,0,0,0,0,0,0,0,0,135,0,3,6,0,0,0,0,0,0,12,6,0,0,0,7,0,0,0,0,20,90,0,0,0,11,0,0,0,13,0,0,0,0,0,0,0,0,0,7
Tammin,58190,0,636,0,0,0,0,0,0,0,0,25,0,0,0,0,0,0,0,0,0,0,0,0,0,0,0,0,26,11,21,55,954,21,43,19,929,30,178,107,294,8,61,25,96,7,0,45,0,3,11
Three Springs,58260,0,876,0,0,0,0,0,0,0,0,55,0,0,0,0,0,9,0,0,0,0,0,0,0,0,0,0,0,0,0,6,53,0,0,0,3,0,3,0,12,0,0,0,0,0,0,0,0,0,0
Morawa,55670,0,1186,0,0,0,0,0,0,0,0,18,0,0,0,0,0,9,0,0,0,0,0,0,0,0,0,0,0,0,0,5,46,4,0,10,28,0,26,0,15,0,0,0,0,0,0,3,4,0,4
Mount Magnet,55810,0,598,0,0,0,0,0,0,0,0,30,0,0,0,0,0,0,0,0,0,0,0,0,0,0,0,0,0,0,10,4,78,3,0,7,135,4,17,0,13,0,10,3,20,0,0,22,0,0,0
Nungarin,56860,0,420,0,0,0,0,0,0,0,0,22,0,0,0,0,0,0,0,0,0,0,0,0,0,0,0,0,0,0,0,27,185,9,0,26,117,3,25,6,24,3,0,6,73,0,0,14,0,0,0
Mount Marshall,55880,0,855,0,0,0,0,0,0,0,0,36,0,0,0,0,0,0,0,0,0,6,0,0,0,0,0,0,0,0,0,3,60,0,0,0,10,0,0,0,3,0,0,0,3,0,0,0,0,0,0
Perth,57080,58,12982,85,86,13,137,56,1932,64,47,2618,29,364,237,45,583,1542,568,450,31,568,492,694,1223,22,1420,0,135,99,155,332,2448,124,169,39,624,92,665,330,808,9,101,87,255,6,19,228,158,64,63
Pingelly,57140,0,1710,0,0,0,0,0,0,0,0,141,0,0,0,0,0,0,0,0,0,0,3,0,0,0,0,0,0,4,0,8,133,0,0,14,293,105,254,507,276,23,78,251,171,13,36,212,157,68,75
Mosman Park,55740,0,10446,30,9,0,82,3,200,21,0,1492,0,96,92,6,97,181,62,61,9,167,115,66,28,3,133,0,3,0,17,37,282,14,3,0,23,11,45,23,79,0,4,0,8,0,0,45,3,21,49
Nannup,56300,0,1820,0,0,0,0,0,0,0,0,275,0,7,12,0,0,0,0,0,0,6,18,0,0,0,0,0,60,71,23,204,976,85,26,41,387,132,705,927,994,41,253,186,175,18,9,302,8,24,47
Plantagenet,57210,291,7233,0,0,0,3,0,0,0,0,730,0,3,69,6,0,17,0,3,0,18,6,0,0,0,0,6,0,0,0,31,174,7,19,0,4,0,37,3,26,0,0,0,0,0,0,9,5,17,5
Port Hedland,57280,3,18288,64,4,7,29,9,66,30,4,611,33,35,67,9,6,265,148,9,0,125,17,10,50,15,83,0,20,13,7,9,1305,13,14,10,219,6,75,10,132,3,22,8,12,7,3,35,19,25,116
Murchison,56160,0,180,0,0,0,0,0,0,0,0,0,0,0,0,0,0,0,0,0,0,0,0,0,0,0,0,0,0,0,0,0,0,0,0,20,374,9,45,26,180,0,43,21,65,10,7,27,12,14,121
Murray,56230,0,24364,0,0,0,48,0,3,3,0,2901,6,3,90,3,15,68,15,0,0,97,91,0,6,0,40,6,11,30,0,255,1175,50,6,17,144,38,268,60,210,0,3,4,67,3,3,92,6,39,22
Narembeen,56370,0,1230,0,0,0,0,0,0,0,0,58,0,0,12,0,0,6,0,0,0,15,0,0,0,0,0,0,0,0,0,0,42,0,0,0,79,3,190,38,117,3,9,0,26,0,0,58,7,40,29
Nedlands,56580,0,26886,19,7,0,228,24,1005,33,18,2957,9,139,246,47,317,505,237,95,29,204,154,127,50,0,1188,0,16,43,3,173,469,46,39,3,30,13,137,149,224,0,57,30,14,0,3,122,39,47,87
Quairading,57350,0,1540,0,0,0,0,0,0,0,0,86,0,0,0,0,0,3,0,0,0,0,0,0,8,0,3,0,0,0,0,18,64,6,0,11,52,37,281,319,466,12,105,77,40,0,8,270,43,41,95
Narrogin,56460,0,7509,0,0,0,0,0,3,0,0,429,0,0,36,0,0,55,0,0,0,20,16,0,0,0,19,0,3,3,7,33,486,6,17,8,249,14,23,23,111,0,15,14,51,0,0,15,3,3,18
Peppermint Grove,56930,0,2203,0,0,0,3,0,19,0,0,248,0,4,6,0,8,20,9,13,0,27,6,12,0,0,19,0,0,0,0,3,26,0,0,0,102,9,23,9,67,0,3,7,0,0,0,16,6,3,11
Ravensthorpe,57420,0,2424,0,0,0,0,0,0,0,0,189,0,0,12,0,0,0,3,0,0,4,0,0,0,0,0,0,0,0,0,9,123,0,0,4,10,3,33,14,73,0,3,0,3,0,0,15,0,0,9
Rockingham,57490,34,151569,55,223,15,458,110,404,344,80,33655,202,169,1033,34,91,1582,472,133,9,1306,523,206,141,45,579,69,224,184,86,948,13532,624,132,72,1142,124,2252,242,2368,93,72,32,333,21,10,389,186,575,542
Southern Midlands,65010,0,10227,0,0,0,15,0,0,0,0,352,0,0,26,0,0,0,0,0,0,12,6,0,3,0,0,0,0,0,0,11,73,0,0,71,1130,127,2233,248,2331,94,67,37,334,28,13,388,183,577,542
Tasman,65210,0,3566,0,0,0,3,0,0,0,0,229,0,0,13,0,0,0,0,0,0,6,10,0,0,0,0,0,0,0,0,10,72,0,0,0,6,0,13,0,0,0,0,0,0,0,0,3,3,9,3
Waratah/Wynyard,65410,0,22535,0,0,0,6,0,9,6,0,1090,6,0,82,6,0,23,12,3,0,25,16,0,0,0,20,4,0,0,0,68,253,13,0,0,23,0,51,0,17,0,0,0,0,0,0,16,3,31,0
Sandstone,57630,0,124,0,0,0,0,0,0,0,0,0,0,0,0,0,0,0,0,0,0,0,0,0,0,0,0,0,0,0,0,24,79,3,0,16,47,0,108,10,66,0,12,0,16,0,0,21,0,29,3
Serpentine-Jarrahdale,57700,92,36668,6,12,11,115,20,74,37,21,5002,23,55,154,3,20,1024,63,38,6,177,136,6,18,0,199,12,87,47,13,250,1442,39,78,25,88,7,111,44,225,0,18,3,13,0,0,46,11,67,178
Shark Bay,57770,0,1345,0,0,0,0,0,0,0,0,117,0,0,12,0,0,0,0,0,0,4,0,0,0,0,0,0,0,0,3,110,170,10,3,30,217,34,305,106,465,9,47,17,56,0,0,93,10,56,178
South Perth,57840,101,47853,78,47,37,279,119,1824,116,112,5139,49,179,355,143,430,1729,1124,774,223,822,617,402,547,50,2292,17,183,166,84,183,1249,121,126,20,91,67,221,245,310,3,78,39,59,7,21,122,224,90,204
Stirling,57910,2112,233055,300,1236,217,1225,356,5650,1337,570,22539,152,826,2010,1736,1450,13203,1414,2167,1604,5570,8170,1244,996,195,5176,153,766,2053,546,966,8279,545,1298,113,1220,491,1311,1029,2504,190,563,349,448,614,147,968,3746,474,962
Perenjori,57000,0,908,0,0,0,0,0,8,0,0,30,0,0,0,0,0,0,0,0,0,0,0,0,0,0,0,0,0,0,3,7,130,10,0,129,1809,836,1718,1172,3865,362,644,486,770,1265,205,936,3532,413,749
West Coast,65610,0,6813,0,0,0,9,0,3,0,0,196,0,0,51,0,0,26,0,0,0,3,0,0,0,0,0,0,0,0,0,26,85,4,0,6,4,0,11,0,6,0,0,0,3,0,0,0,0,3,6
West Tamar,65810,0,36104,0,0,0,63,0,128,0,3,2489,11,0,237,17,55,143,9,40,0,56,90,25,34,0,66,4,4,3,6,284,421,28,10,11,53,37,166,38,153,6,6,5,35,0,3,90,33,80,26
Toodyay,58330,0,5990,0,0,0,6,0,0,0,7,938,0,0,81,0,0,10,3,0,0,15,19,0,0,0,11,3,0,0,0,85,421,22,0,3,52,6,155,14,100,0,3,3,26,0,0,57,0,6,12
Waroona,58820,0,5893,0,0,0,0,0,0,0,0,522,0,0,25,0,0,13,6,0,0,6,128,0,0,0,6,0,0,0,0,23,172,0,0,48,512,13,98,32,152,5,108,106,66,0,3,675,73,22,188
Trayning,58400,0,490,0,0,0,0,0,0,0,0,21,0,0,0,0,0,0,0,0,0,0,0,0,0,0,0,0,0,0,0,9,58,0,0,0,19,0,16,0,9,0,0,0,5,0,0,0,0,0,0
Alice Springs,70200,20,31868,37,0,20,112,9,113,0,13,1323,204,89,248,12,83,1328,51,26,0,141,140,72,81,4,63,10,9,20,74,106,1289,18,56,16,209,7,25,13,61,0,55,38,20,0,0,379,82,17,186
Upper Gascoyne,58470,0,474,0,0,0,0,0,0,0,0,3,0,0,8,0,0,0,0,0,0,0,0,0,0,0,0,0,0,0,0,0,16,0,0,100,2157,556,3317,754,5960,228,267,280,696,861,37,488,3353,842,1481
Victoria Park,58510,387,35687,254,16,45,208,57,1812,94,70,4030,22,169,298,35,432,2568,755,339,129,917,853,236,834,23,1508,18,233,231,446,182,1453,73,289,15,243,54,190,133,197,16,102,72,63,0,35,70,251,78,116
Victoria Plains,58540,0,1316,0,0,0,0,0,0,0,0,75,0,0,6,0,0,6,0,0,0,7,0,0,0,0,0,0,13,21,0,41,206,14,12,4,40,26,138,161,205,3,57,55,18,0,3,124,0,0,0
Wandering,58680,0,695,0,0,0,0,0,0,0,0,48,0,0,0,0,0,0,0,0,0,0,0,0,0,0,0,0,0,0,0,23,148,0,3,37,488,102,342,317,309,23,200,196,167,0,51,151,261,73,114
Wanneroo,58760,2663,198173,253,708,516,643,241,1848,749,719,49183,164,327,1469,266,598,6424,814,774,836,3117,1933,331,379,165,2480,201,789,1953,89,756,10772,729,451,41,940,258,1631,344,2907,120,148,92,219,440,27,272,3348,852,1484
Vincent,58570,13,38260,48,78,18,386,34,807,118,35,4005,52,303,393,408,287,664,210,237,57,1163,1932,340,459,17,750,11,133,154,208,220,1540,128,121,28,143,69,339,109,367,28,41,59,58,63,14,160,534,67,91
Wagin,58610,0,2758,0,0,0,0,0,0,0,0,193,0,5,3,0,0,0,0,0,0,6,0,0,0,0,0,0,0,3,0,9,101,0,0,19,179,121,390,180,359,49,67,171,106,131,25,310,530,64,79
West Arthur,58890,0,1308,0,0,0,0,0,0,0,0,43,0,0,0,0,0,0,0,0,0,0,0,0,0,0,0,0,56,69,27,60,429,35,29,7,175,81,220,302,322,6,88,66,124,7,15,120,0,0,0
Westonia,59030,0,393,0,0,0,0,0,0,0,0,21,0,0,0,0,0,0,0,0,0,0,0,0,0,0,0,0,278,728,150,322,2473,158,270,65,1063,485,872,639,1985,183,319,297,523,656,92,461,0,0,0
Unincorporated ACTUnincorporated ACTUnincorporated ACTUnincorporated ACTSubiaco,89399,1671,539389,2737,768,780,2322,1502,22683,2589,885,25485,1824,1330,4450,1955,3347,20820,2592,1669,1051,1690,3879,1562,4554,803,4864,564,439,909,1153,1582,7274,519,3156,358,1551,438,1047,648,1141,195,1433,249,493,196,140,1459,3344,452,614
Palmerston,72800,42,47728,164,6,118,90,10,145,3,0,1686,112,53,231,147,31,1062,356,25,3,189,24,54,96,6,182,6,269,446,207,250,3825,107,197,242,3384,238,772,390,1310,81,358,138,554,102,28,305,247,55,276
Roper Gulf,73600,0,11788,0,0,0,0,0,0,0,0,51,30,8,15,0,0,21,0,0,0,13,7,0,0,0,0,0,0,0,0,6,67,0,0,0,0,0,6,0,3,6,0,4,0,0,0,0,6,0,0
Tiwi Islands,74050,0,4636,0,0,0,0,0,0,0,0,7,25,0,0,0,0,0,0,0,0,0,0,0,0,0,0,0,0,0,0,0,15,0,0,0,15,0,0,0,0,0,0,0,4,0,0,0,12,0,0
Victoria Daly,74550,0,4622,0,0,0,6,0,0,0,0,29,0,0,0,0,0,8,0,0,0,0,0,0,0,0,0,0,0,0,0,0,35,0,0,0,0,0,0,0,0,0,0,0,6,0,0,6,0,0,0
Unincorp. Other TerritoriesUnincorp. Other TerritoriesUnincorp. Other TerritoriesUnincorp. Other TerritoriesPerth,99399,18,5005,6,0,0,15,0,29,0,0,219,101,0,28,0,17,14,27,66,18,0,0,0,0,6,764,0,36,29,38,27,766,24,48,30,206,65,90,301,152,10,41,182,133,6,5,79,24,0,0
Wickepin,59100,0,1206,0,0,0,0,0,0,0,0,43,0,0,0,0,0,0,0,0,0,0,0,0,0,0,0,0,0,0,0,0,24,0,0,0,0,0,3,0,0,0,0,0,0,0,0,3,0,0,0
Wagait,74560,0,695,0,0,0,0,0,0,0,0,40,0,0,0,0,0,0,0,0,0,6,0,0,0,0,0,0,0,0,0,15,85,3,0,0,3,0,15,0,10,0,0,0,4,0,0,9,0,0,0
West Arnhem,74660,0,10964,0,0,0,0,0,0,0,0,53,0,8,32,0,6,9,6,0,0,6,6,0,0,0,10,0,0,0,0,7,66,3,0,49,91,7,9,0,59,0,9,6,18,0,0,18,53,7,11
West Daly,74680,0,5997,0,0,0,0,0,0,0,0,12,0,0,0,0,0,0,0,0,0,0,0,0,6,0,0,0,0,0,0,0,37,0,0,9,8,3,3,0,10,0,0,3,8,0,0,3,0,0,0
Unincorporated NTUnincorporated NTUnincorporated NTUnincorporated NTTrayning,79399,0,8761,0,0,17,38,13,27,0,3,370,14,18,78,6,7,107,33,14,13,20,48,114,37,0,17,0,4,0,37,24,431,14,3,21,30,3,12,0,39,0,4,5,3,0,0,10,44,3,15
Woodanilling,59320,0,646,0,0,0,0,0,0,0,0,51,0,0,0,0,0,0,0,0,0,0,8,0,0,0,0,0,0,0,0,0,12,0,0,733,3787,943,1839,1029,1999,362,2768,518,1300,398,227,2777,3348,457,628
Williams,59170,0,1569,0,0,0,0,0,0,0,0,49,0,0,3,6,0,0,0,0,0,7,0,0,0,0,0,0,0,0,12,4,180,0,0,34,124,3,9,50,55,0,3,15,44,3,0,16,27,0,3
Wiluna,59250,0,915,0,0,0,6,0,0,0,0,52,28,0,0,0,0,0,0,0,0,6,0,0,0,0,0,0,0,0,0,0,68,0,0,7,3,0,3,0,17,0,0,0,0,0,0,0,0,0,3
Wongan-Ballidu,59310,0,2175,0,0,0,0,0,0,0,0,92,0,0,0,0,0,10,0,0,0,3,0,0,0,0,0,3,54,86,121,70,462,17,61,9,254,62,147,184,136,8,100,131,102,0,15,63,0,0,0
Wyalkatchem,59330,0,760,0,0,0,0,0,0,0,0,43,0,0,3,0,0,13,0,0,0,6,0,0,0,0,0,0,0,0,0,3,186,0,0,18,82,0,30,18,34,5,14,20,38,0,3,24,19,0,13
Wyndham-East Kimberley,59340,0,10550,0,0,10,15,0,19,0,0,440,5,49,85,0,11,53,6,0,0,45,41,25,21,0,23,0,0,0,6,28,204,0,0,4,50,0,11,0,22,3,3,3,0,0,3,3,24,0,10
Yalgoo,59350,0,409,0,0,0,6,0,0,0,0,15,0,0,0,0,0,0,0,0,0,0,0,0,0,0,0,0,38,44,50,52,368,19,7,4,102,72,156,103,184,24,33,112,81,67,7,164,0,0,0
Break O'Day,60210,0,9499,0,0,0,24,0,15,0,6,677,0,9,67,0,0,19,0,0,0,20,0,6,0,0,0,6,0,3,0,39,151,6,0,0,24,0,36,0,10,0,0,0,6,0,0,9,0,9,0
Brighton,60410,0,28814,0,0,0,14,0,12,8,0,518,13,0,90,18,0,28,0,0,0,7,30,0,0,0,9,12,0,0,0,36,139,11,0,0,19,7,37,0,39,0,0,0,3,0,0,12,6,12,0
Burnie,60610,0,32095,6,12,0,12,0,52,21,9,949,17,12,124,0,19,115,24,3,9,33,0,12,6,0,69,6,269,703,29,316,3669,235,143,60,1253,302,1781,397,3098,99,135,178,485,432,11,288,5,28,6
Central Coast,60810,0,35938,0,0,0,55,0,26,0,0,1592,7,15,117,0,0,51,0,0,0,37,30,6,6,0,16,6,0,0,0,275,274,12,0,13,48,28,69,6,20,0,0,3,0,0,0,37,13,14,3
Central Highlands,61010,0,3541,0,0,0,0,0,0,0,0,153,0,0,3,0,0,0,0,4,0,8,0,0,0,0,0,0,0,0,0,3,49,0,0,6,59,11,97,14,46,0,19,3,25,0,0,41,5,15,7
Yilgarn,59360,0,1662,0,0,0,0,0,0,6,0,76,0,0,3,0,0,0,0,0,0,6,0,0,0,0,0,0,0,0,0,6,187,0,0,12,94,9,103,3,33,0,12,21,37,0,0,60,6,14,14
York,59370,0,5169,0,0,0,3,0,0,0,0,537,0,0,19,0,0,11,0,0,0,14,28,0,0,0,0,0,0,0,0,55,147,10,0,0,0,0,10,0,15,3,0,0,0,0,0,8,0,9,0
Circular Head,61210,0,13042,0,0,0,25,0,23,0,0,255,12,0,27,0,0,0,0,0,0,12,0,0,39,0,17,0,0,18,38,73,741,8,33,69,795,9,54,28,109,0,47,31,136,0,0,67,0,6,6
Clarence,61410,29,92465,19,6,0,175,23,305,54,9,3947,42,45,488,184,64,271,48,17,9,157,130,109,72,14,191,6,0,3,89,263,705,49,10,57,139,59,376,43,196,9,41,17,77,0,10,228,55,114,81
Derwent Valley,61510,0,16857,0,0,0,19,6,21,0,0,642,0,6,40,0,0,22,0,6,0,6,3,6,0,0,3,0,0,0,0,47,124,0,0,0,20,23,55,0,14,0,0,0,7,0,0,11,6,13,0
Devonport,61610,0,41851,0,0,6,52,7,78,14,3,1550,18,6,85,0,24,138,6,3,0,9,32,6,31,6,34,6,0,0,0,109,310,23,0,6,126,7,173,12,76,6,77,82,38,0,0,86,12,52,10
Dorset,61810,0,10947,0,0,0,12,0,3,0,0,391,0,0,51,0,3,0,0,0,0,6,17,0,0,0,0,0,0,0,0,57,168,0,3,3,48,10,44,0,14,0,0,0,3,0,0,39,0,0,4
Flinders,62010,0,1493,0,0,0,0,0,0,0,0,52,0,0,17,0,0,0,0,0,0,0,4,0,0,0,0,0,0,4,0,22,79,0,3,3,51,8,52,9,29,0,6,3,15,0,0,11,0,0,0
George Town,62210,0,10702,0,0,0,21,0,0,7,0,612,6,6,34,0,3,14,0,0,0,21,12,6,0,0,0,3,0,0,0,157,222,9,3,0,81,3,132,0,13,0,6,8,9,0,0,35,0,15,0
Glamorgan/Spring Bay,62410,0,6953,0,0,0,5,0,3,0,0,347,0,12,31,0,6,17,14,0,0,4,8,0,0,0,0,8,0,0,0,28,64,3,0,0,12,3,25,0,19,0,0,11,0,0,0,7,0,11,0
Glenorchy,62610,351,73819,13,65,6,73,48,377,133,37,2123,69,51,337,160,51,741,42,229,34,92,246,60,61,6,117,6,3,134,386,115,481,9,140,15,384,208,220,38,130,25,72,20,142,3,4,113,132,32,49
Hobart,62810,122,71732,80,57,8,311,102,3490,99,32,4123,109,204,619,373,385,1185,139,267,62,308,496,265,448,46,1025,16,6,30,278,252,829,56,198,52,189,152,474,320,414,27,101,111,172,0,12,560,249,143,67
Huon Valley,63010,0,24923,0,0,0,77,6,40,0,0,2059,3,36,285,6,14,36,15,0,0,47,30,28,21,0,11,0,0,5,22,217,563,43,15,31,117,37,263,34,140,0,18,64,56,0,0,245,12,62,9
Kentish,63210,0,9716,0,0,0,13,0,19,0,0,646,0,8,85,4,0,6,0,0,0,15,0,10,0,0,6,0,0,0,0,64,148,4,0,3,38,14,57,0,13,0,0,0,3,0,0,36,0,17,0
King Island,63410,0,2488,0,0,0,0,0,0,0,0,72,3,0,16,0,0,0,3,0,0,0,8,0,0,0,0,0,0,0,0,76,138,3,0,3,123,6,59,3,40,0,28,33,21,0,0,25,0,0,0
Kingborough,63610,0,56158,13,4,0,250,73,490,29,3,4317,19,76,457,29,34,247,68,49,0,138,97,79,139,4,235,17,3,0,6,510,673,60,22,36,119,62,346,43,427,0,50,18,78,0,0,303,20,117,63
Latrobe,63810,0,17965,0,0,0,14,0,3,0,3,818,6,0,37,0,4,9,0,0,26,11,6,6,7,0,15,15,0,0,0,72,163,0,7,3,31,3,54,0,9,0,8,14,3,0,0,16,0,34,3
Launceston,64010,524,103924,61,6,6,194,33,719,29,46,3664,51,35,409,48,132,619,122,412,7,141,212,79,223,3,841,12,12,198,452,381,743,72,75,50,308,106,388,186,235,3,105,32,79,0,8,225,152,105,46
Meander Valley,64210,0,31871,0,3,0,55,0,34,3,6,1574,3,9,154,13,20,79,6,12,0,58,67,6,12,6,16,3,0,0,0,137,254,0,29,16,66,16,124,13,62,0,16,8,0,0,0,110,6,58,34
Northern Midlands,64610,0,21223,0,0,0,12,0,15,6,0,953,0,0,58,3,0,9,9,0,0,6,9,0,0,0,6,0,149,320,370,634,2499,169,854,388,2316,540,955,541,1065,195,1416,301,875,210,99,1452,4,16,9
Sorell,64810,0,24303,0,7,0,23,6,25,0,7,1025,8,12,92,6,13,18,15,0,0,3,9,4,6,0,27,0,6,3,3,53,229,12,0,16,45,6,81,3,30,5,3,3,7,0,0,87,0,0,6
Barkly,70420,0,11296,0,3,0,0,0,37,0,0,133,37,22,51,11,0,84,17,0,0,3,8,0,8,0,0,0,0,0,15,3,123,0,0,3,19,0,10,0,3,0,0,0,0,0,0,0,0,0,11
Belyuen,70540,0,332,0,0,0,0,0,0,0,0,0,0,0,0,0,0,0,0,0,0,0,0,0,0,0,0,0,0,0,0,0,21,0,0,0,74,0,8,0,6,0,0,4,10,0,0,0,0,0,9
Central Desert,70620,0,6789,0,0,0,3,0,0,0,0,25,3,3,0,0,0,0,0,0,0,0,0,0,0,0,0,0,0,0,0,16,110,3,0,0,10,0,8,0,22,0,0,0,3,0,0,6,0,0,0
Coomalie,70700,0,1746,0,0,0,0,0,0,0,0,77,0,0,8,0,0,0,0,0,0,16,3,0,0,0,0,0,0,0,0,18,80,0,0,258,3391,69,372,214,355,29,531,412,539,6,28,312,484,87,234
Darwin,71000,148,89904,567,47,124,363,47,1902,31,72,5238,326,414,889,2240,389,4217,1489,201,16,1409,644,611,476,71,958,21,57,241,1378,243,2513,118,393,99,1516,32,188,96,191,16,272,144,167,3,13,163,481,77,221
East Arnhem,71300,0,17429,0,0,0,0,0,0,0,0,56,8,0,6,0,0,14,0,0,0,0,0,0,0,0,0,0,0,0,0,0,65,0,0,0,0,0,0,0,0,0,0,0,0,0,0,8,0,0,0
Katherine,72200,0,13136,0,0,3,11,0,54,3,0,304,18,19,61,0,15,194,11,4,23,24,17,12,20,0,33,0,5,3,45,15,243,3,0,11,299,5,39,3,40,0,31,7,17,0,0,51,40,11,35
Litchfield,72300,14,33715,0,0,124,46,8,59,9,0,1424,25,45,166,61,9,95,169,14,0,153,45,10,62,0,85,3,0,0,0,97,766,41,3,76,361,12,110,25,114,12,14,14,113,4,0,70,341,31,115
MacDonnell,72330,0,10851,0,0,0,6,0,3,0,0,52,0,3,16,0,0,0,0,0,0,3,0,12,10,0,0,0,0,0,6,0,56,0,0,0,3,0,0,0,19,0,0,16,6,0,0,6,0,0,0
